{"trajectories": [[0.3832148097749649, 0.35571411954992965], [5.36736789569727, 1.8005707377458604]], "displacements": [[-0.0010908190835739143, -0.0006423550966022642], [0.3989633404718638, 0.16278674493049625]], "speeds": [[-0.0027270477089340836, -0.001605887741505821], [0.9974083511796585, 0.40696686232624024]], "polars": [[0.37979358883522274, -0.20595587830335332], [0.2035428793928684, 1.95593549841217]], "angular_speed": [[-0.514889695758384], [4.889838746030417]]}