{"trajectories": [[0.36681253340365677, 0.354917417721519], [5.381273856151621, 1.7952747493705452]], "displacements": [[0.0057367144126138124, 0.0008099574357835511], [0.3982737547933772, 0.16351631025582022]], "speeds": [[0.014341786031535535, 0.0020248935894588275], [0.9956843869834419, 0.4087907756395501]], "polars": [[0.37958377867959897, -0.1845780235398623], [0.2032468655687209, 1.9439956168695682]], "angular_speed": [[-0.46144505884965664], [4.859989042173912]]}