{"trajectories": [[0.2664666962025317, 0.35531278270042194], [5.386464876117725, 1.7929223606371938]], "displacements": [[0.005643337034569548, 0.0007015659930416758], [0.3979487144559127, 0.1633030786995415]], "speeds": [[0.014108342586424528, 0.0017539149826040282], [0.9948717861397807, 0.40825769674885326]], "polars": [[0.37940107363765224, -0.1896672792212599], [0.20277632904307966, 1.9410629258834582]], "angular_speed": [[-0.47416819805315086], [4.852657314708638]]}