{"trajectories": [[0.3432807531645569, 0.3613925450070324], [5.376841570230584, 1.7961678079142969]], "displacements": [[-0.0016978040565548864, 0.0014051680361240654], [0.3998425701864383, 0.16237964201341842]], "speeds": [[-0.004244510141386746, 0.0035129200903100686], [0.9996064254660945, 0.4059491050335454]], "polars": [[0.3806693460295935, -0.19213848582426532], [0.20331486690089481, 1.9598992012982752]], "angular_speed": [[-0.48034621456066384], [4.899748003245681]]}