{"trajectories": [[0.30449880239099864, 0.332215788326301], [5.361518573253872, 1.7984032428467813]], "displacements": [[0.002208270412317714, 0.00037828669775705095], [0.3995642908302028, 0.1625946178768109]], "speeds": [[0.0055206760307949165, 0.0009457167443925169], [0.998910727075506, 0.40648654469202683]], "polars": [[0.38055464015701856, -0.20307985232067507], [0.20315466443857677, 1.9487731052866695]], "angular_speed": [[-0.5076996308016888], [4.871932763216667]]}