{"trajectories": [[0.3468574215893108, 0.3642755611814346], [5.398458041130455, 1.7805317563044598]], "displacements": [[0.00020224220889777312, -0.00011876785846472725], [0.3988575774539125, 0.16264062408030733]], "speeds": [[0.000505605522245268, -0.000296919646161911], [0.9971439436347802, 0.40660156020076776]], "polars": [[0.3798176275026959, -0.1940143548745281], [0.2031697923894551, 1.9568476368348855]], "angular_speed": [[-0.48503588718632135], [4.8921190920872055]]}