{"trajectories": [[0.3771788646272856, 0.35822587376933895], [5.3853407702172875, 1.786844659447665]], "displacements": [[-0.004237770005181731, -0.001657774446665187], [0.3982521899608611, 0.1634198260974619]], "speeds": [[-0.010594425012953618, -0.004144436116663075], [0.9956304749021521, 0.40854956524365443]], "polars": [[0.3793839015419922, -0.19610240173217858], [0.20346844603489575, 1.964318781283246]], "angular_speed": [[-0.49025600433044714], [4.910796953208109]]}