{"trajectories": [[0.3443233547819972, 0.36531122011251765], [5.384725583761997, 1.7945495422345235]], "displacements": [[0.006619221630024429, 0.0019432489451476787], [0.3974687165604514, 0.1625029438189546]], "speeds": [[0.016548054075061467, 0.004858122362868986], [0.9936717914011275, 0.4062573595473861]], "polars": [[0.3781233181367893, -0.17881498334443705], [0.20361467036221476, 1.9396106961621529]], "angular_speed": [[-0.4470374583610949], [4.849026740405376]]}