{"trajectories": [[0.36494107313642754, 0.35464513642756684], [5.367919553974917, 1.7959488044474992]], "displacements": [[0.00021821082241468522, 0.00042310866829521024], [0.399069166950882, 0.16300797899220565]], "speeds": [[0.000545527056037285, 0.0010577716707378523], [0.9976729173772039, 0.40751994748051373]], "polars": [[0.3804943562598397, -0.19972141942408764], [0.20261311092156079, 1.9550427557958119]], "angular_speed": [[-0.4993035485602204], [4.887606889489523]]}