{"trajectories": [[0.3213566047819972, 0.3599667338255978], [5.375427834169165, 1.7976099777662404]], "displacements": [[-0.0017178358871863227, 0.0012546187726700726], [0.39803220103447795, 0.1622743235064524]], "speeds": [[-0.004294589717965204, 0.003136546931674992], [0.9950805025861938, 0.4056858087661306]], "polars": [[0.3790994961928429, -0.19076789880820197], [0.20260968916752367, 1.9603008467198932]], "angular_speed": [[-0.4769197470205059], [4.900752116799725]]}