{"trajectories": [[694.1668303121853, 838.4882376636455], [338.55754890218293, 449.3419667712206]], "displacements": [[1.0923676260136748, -1.6500689033762654], [18.27089653512031, 16.344281721582544]], "speeds": [[2.73091906503419, -4.12517225844067], [45.67724133780084, 40.86070430395642]], "polars": [[17.963186121706936, 0.22137121397148468], [16.79884353057364, 1.66973299023519]], "angular_speed": [[0.5534280349287123], [4.174332475587981]]}