{"trajectories": [[697.0841717019134, 836.0844234642498], [335.7710973973199, 449.5787702236065]], "displacements": [[1.0307362060740977, -1.6480336036465786], [18.207265869809213, 16.3414066480816]], "speeds": [[2.5768405151852476, -4.120084009116453], [45.51816467452309, 40.853516620204054]], "polars": [[17.936720832029604, 0.23935695452377165], [16.751076961526397, 1.6774261089008708]], "angular_speed": [[0.5983923863094301], [4.193565272252183]]}