{"trajectories": [[694.1826812688822, 842.0804859013092], [339.2207587019868, 450.3791230004542]], "displacements": [[1.0934568293846398, -1.5838262574866169], [18.176833980135257, 16.535777955498435]], "speeds": [[2.7336420734616027, -3.959565643716547], [45.4420849503382, 41.33944488874615]], "polars": [[17.968755726881852, 0.24556896957650926], [16.87178761169753, 1.6696919995368673]], "angular_speed": [[0.6139224239412738], [4.174229998842174]]}