{"trajectories": [[697.2120946626385, 836.7338494461228], [339.641190206425, 449.1914416058805]], "displacements": [[1.044092860550167, -1.6019398950548578], [18.286047306941235, 16.34453460223779]], "speeds": [[2.610232151375421, -4.00484973763715], [45.71511826735315, 40.86133650559453]], "polars": [[17.921025261792774, 0.23372877389092062], [16.852790047064808, 1.6670670094547995]], "angular_speed": [[0.5843219347273023], [4.167667523637005]]}