{"trajectories": [[694.0141188318228, 842.3812940584089], [335.36575258304646, 450.2517007639426]], "displacements": [[0.9098134308581121, -1.752371866221445], [18.025453238061758, 16.44260562583482]], "speeds": [[2.274533577145283, -4.380929665553618], [45.06363309515446, 41.1065140645871]], "polars": [[17.901584235124826, 0.229018361265702], [16.69455281561954, 1.6799773593666922]], "angular_speed": [[0.5725459031642559], [4.199943398416735]]}