{"trajectories": [[696.9542573011078, 838.3978474320242], [338.18246399492386, 449.99848149475116]], "displacements": [[1.0444002756135051, -1.6762680871362696], [18.202779112798336, 16.343991062009817]], "speeds": [[2.6110006890337663, -4.19067021784068], [45.5069477819959, 40.85997765502459]], "polars": [[17.951062476573828, 0.2340001691312874], [16.737001340209666, 1.674366445949798]], "angular_speed": [[0.5850004228282194], [4.185916114874501]]}