{"trajectories": [[695.0542119838872, 843.0136127895266], [339.3110455055922, 450.26790595955146]], "displacements": [[1.3111040440981607, -1.7531669051783538], [18.27337566551125, 16.138324280690416]], "speeds": [[3.277760110245407, -4.382917262945891], [45.68343916377819, 40.345810701726094]], "polars": [[17.86295608783471, 0.22745652769385702], [16.73526685229646, 1.668301244436992]], "angular_speed": [[0.5686413192346431], [4.170753111092486]]}