{"trajectories": [[697.4330236656596, 841.5624345417925], [338.4500032906092, 450.5030340226465]], "displacements": [[1.1096491228070176, -1.5461122595007155], [18.343320357194763, 16.301863117448516]], "speeds": [[2.774122807017548, -3.8652806487517943], [45.85830089298697, 40.75465779362135]], "polars": [[17.958513817809642, 0.24274058472465146], [16.832757010572244, 1.6736179720034787]], "angular_speed": [[0.6068514618116295], [4.184044930008703]]}