{"trajectories": [[694.2959088620343, 838.183781470292], [339.61820775156394, 449.9028627964795]], "displacements": [[1.1476731859861133, -1.4946493878200031], [18.244291595683222, 16.418359833180446]], "speeds": [[2.8691829649652876, -3.7366234695500133], [45.61072898920811, 41.04589958295117]], "polars": [[17.945358693983234, 0.239023328245084], [16.850280333535494, 1.6685343511980508]], "angular_speed": [[0.5975583206127109], [4.171335877995133]]}