{"trajectories": [[693.7228650553877, 840.3835070493454], [336.7875466221506, 449.84641713164723]], "displacements": [[1.1391185668097736, -1.4048656384162823], [18.26193233637048, 16.46368360020714]], "speeds": [[2.8477964170244383, -3.5121640960407117], [45.654830840926266, 41.159209000517905]], "polars": [[18.011658468864585, 0.24882907510468016], [16.83456112044907, 1.6703543129413132]], "angular_speed": [[0.6220726877617012], [4.175885782353289]]}