{"trajectories": [[696.4048172952649, 833.7926859358478], [336.5073313540811, 450.3506489624266]], "displacements": [[1.137311466894236, -1.4867694438775825], [18.21572433059338, 16.504726050435394]], "speeds": [[2.8432786672355936, -3.7169236096939615], [45.53931082648351, 41.261815126088536]], "polars": [[18.038793631259427, 0.2511574760217427], [16.802514096673267, 1.6750664335784127]], "angular_speed": [[0.6278936900543577], [4.187666083946038]]}