{"trajectories": [[696.8854453060745, 838.5125572788156], [341.36876193308404, 447.2250796470218]], "displacements": [[1.2049514869302265, -1.605473412116827], [18.274017952941684, 16.428827851946053]], "speeds": [[3.01237871732557, -4.013683530292074], [45.68504488235426, 41.07206962986519]], "polars": [[17.99383286013579, 0.23514229443011833], [16.855193522997006, 1.666756188431072]], "angular_speed": [[0.5878557360752966], [4.166890471077686]]}