{"trajectories": [[694.6265685583363, 835.8120138644108], [340.835613624209, 447.5741293373593]], "displacements": [[0.960357803214416, -1.269669591673933], [18.317506410274895, 16.440852746914683]], "speeds": [[2.400894508036043, -3.1741739791848365], [45.793766025687304, 41.10213186728676]], "polars": [[18.041576985078375, 0.25966259354766896], [16.81869578801818, 1.6796737584354184]], "angular_speed": [[0.6491564838691731], [4.199184396088552]]}