{"trajectories": [[694.7636705440019, 841.2908970743744], [336.63132488265126, 449.5321914468593]], "displacements": [[1.0440482595279175, -1.834916423946719], [18.01399574553743, 16.545016667248255]], "speeds": [[2.610120648819797, -4.5872910598668035], [45.03498936384363, 41.36254166812069]], "polars": [[17.937627888956726, 0.2372947126628697], [16.761267255436795, 1.6773059739978682]], "angular_speed": [[0.5932367816571751], [4.193264934994677]]}