{"trajectories": [[696.6703560098696, 836.1056955704382], [334.6239359318313, 449.72605356589247]], "displacements": [[1.0477060645975178, -1.5989307954411938], [18.06120638236205, 16.395994493168473]], "speeds": [[2.619265161493798, -3.9973269886029907], [45.15301595590519, 40.98998623292123]], "polars": [[17.862667732794286, 0.23717375526408552], [16.721697897058213, 1.6717467125758914]], "angular_speed": [[0.5929343881602145], [4.179366781439734]]}