{"trajectories": [[698.7123810363059, 841.5867348137704], [335.4642111815363, 453.4055999814166]], "displacements": [[1.0943763179538555, -1.7585199339554385], [18.392706770429307, 16.361743471867044]], "speeds": [[2.7359407948846424, -4.396299834888602], [45.98176692607333, 40.904358679667666]], "polars": [[18.018872205337416, 0.23317358978164485], [16.899958819870406, 1.675017565473381]], "angular_speed": [[0.5829339744541127], [4.187543913683458]]}