{"trajectories": [[694.7591587357538, 839.773308071907], [338.03501099013755, 450.10019318132225]], "displacements": [[0.9228305165451521, -1.7180367202814932], [18.197053865111485, 16.33342608010035]], "speeds": [[2.3070762913628826, -4.29509180070374], [45.49263466277878, 40.83356520025092]], "polars": [[17.98355483802552, 0.23230648764138048], [16.68258369096654, 1.6813783118335257]], "angular_speed": [[0.5807662191034522], [4.20344577958382]]}