{"trajectories": [[697.8143490776642, 839.7761073904359], [337.00582959247356, 450.98232563164555]], "displacements": [[1.192994824035768, -1.6912045711741461], [18.26713005364732, 16.380639727971285]], "speeds": [[2.9824870600894235, -4.228011427935371], [45.66782513411837, 40.95159931992827]], "polars": [[17.98199044318997, 0.23315293143857177], [16.82096393038215, 1.665556364678384]], "angular_speed": [[0.58288232859643], [4.163890911695966]]}