{"trajectories": [[695.9827135471743, 839.0251321818822], [339.52451995800226, 447.85026130749674]], "displacements": [[1.1149657718494332, -1.4891626316407869], [18.353609742438643, 16.360436970036396]], "speeds": [[2.7874144296235865, -3.722906579101972], [45.88402435609667, 40.90109242509104]], "polars": [[18.053779823777504, 0.24446828686096628], [16.794066705795462, 1.6735775277999845]], "angular_speed": [[0.6111707171524166], [4.183943819499966]]}