{"trajectories": [[698.9419780284338, 836.8830601574433], [339.9512977146274, 450.5499404307317]], "displacements": [[0.8802787723627009, -1.6329394158642994], [18.4007872025662, 16.449354753941968]], "speeds": [[2.2006969309067546, -4.082348539660754], [46.00196800641557, 41.12338688485497]], "polars": [[18.075735405632454, 0.23642694506799253], [16.907968916865155, 1.677493566778734]], "angular_speed": [[0.5910673626699819], [4.19373391694684]]}