{"trajectories": [[0.6244142666666667, 0.3364139818181818], [5.399036718909007, 1.8025545767013866]], "displacements": [[-0.04704383094098883, 0.0021461148325358863], [0.38391627261474864, 0.1549116112997847]], "speeds": [[-0.11760957735247374, 0.005365287081339045], [0.959790681536871, 0.3872790282494615]], "polars": [[0.3658052446018012, -0.11341942583732059], [0.19948323878008606, 2.086157641422306]], "angular_speed": [[-0.2835485645933069], [5.215394103555762]]}