{"trajectories": [[0.822768296969697, 0.4458090212121212], [5.360152787963068, 1.7759587442046652]], "displacements": [[-0.023604848484848485, -0.002255084529505583], [0.37718303659195523, 0.15654255249711954]], "speeds": [[-0.059012121212122265, -0.005637711323764075], [0.9429575914798861, 0.39135638124279826]], "polars": [[0.35980026700495304, -0.30951314194577356], [0.19462439717680305, 2.011505727212731]], "angular_speed": [[-0.773782854864433], [5.028764318031821]]}