{"trajectories": [[0.39275408484848484, 0.23795311818181814], [5.221476350189984, 1.7630997340929955]], "displacements": [[-0.025832583732057407, 0.005056280701754386], [0.3888136169244336, 0.16336075181696824]], "speeds": [[-0.06458145933014274, 0.012640701754385104], [0.9720340423110807, 0.4084018795424199]], "polars": [[0.37871991609237887, -0.20203815948963313], [0.18742165683787856, 2.023026549752003]], "angular_speed": [[-0.5050953987240857], [5.057566374379987]]}