{"trajectories": [[0.9567023818181819, 0.27249460606060605], [5.248566630862196, 1.7370128528262108]], "displacements": [[0.009527036682615633, -0.0035412759170653915], [0.3840297470787832, 0.16538946563026963]], "speeds": [[0.02381759170653873, -0.0088531897926633], [0.9600743676969559, 0.4134736640756733]], "polars": [[0.3750083064120509, -0.2579903572567783], [0.18521500254541567, 1.942716940734195]], "angular_speed": [[-0.6449758931419479], [4.856792351835481]]}