{"trajectories": [[1.0670279090909092, 0.6901284545454546], [5.66003625016682, 1.6558876904451743]], "displacements": [[0.004110644338118028, -0.01236911961722488], [0.3815469386613939, 0.1617883665459039]], "speeds": [[0.010276610845291927, -0.03092279904306224], [0.9538673466534817, 0.40447091636475885]], "polars": [[0.36891137232772764, -0.2968550813397129], [0.18928241818966093, 1.9465121327711716]], "angular_speed": [[-0.7421377033492815], [4.866280331927933]]}