{"trajectories": [[0.25407353030303037, 0.5989453393939395], [5.4399767134928005, 1.7257114447508415]], "displacements": [[-0.003714354066985645, 0.0010230303030303032], [0.3678359879103716, 0.16330588593981418]], "speeds": [[-0.009285885167463427, 0.0025575757575754723], [0.9195899697759282, 0.40826471484953486]], "polars": [[0.35414073454889905, -0.15913611164274324], [0.19123626626476653, 1.945773016598077]], "angular_speed": [[-0.3978402791068592], [4.864432541495184]]}