{"trajectories": [[0.18890583333333325, 0.4477765909090909], [5.500536736782209, 1.7260162759035045]], "displacements": [[0.0013588229665071746, 0.007944736842105261], [0.3645149031074291, 0.16106472910057543]], "speeds": [[0.003397057416269608, 0.019861842105262848], [0.9112872577685724, 0.402661822751439]], "polars": [[0.34863410458937655, -0.09857770653907497], [0.19321539252390957, 1.9555619594571745]], "angular_speed": [[-0.24644426634768812], [4.888904898642926]]}