{"trajectories": [[0.6043299606060606, 0.44840695454545454], [5.167415774797217, 1.7845179014602484]], "displacements": [[-0.03211051993620415, 0.007185527910685804], [0.3729340201569808, 0.17229697424746887]], "speeds": [[-0.08027629984051197, 0.017963819776713963], [0.9323350503924525, 0.4307424356186725]], "polars": [[0.36693497295288574, -0.14775911642743222], [0.18763654668340585, 2.0292294648550553]], "angular_speed": [[-0.36939779106858484], [5.073073662137641]]}