{"trajectories": [[0.05779723939393939, 0.24389473939393938], [5.372647668567901, 1.8432948227291157]], "displacements": [[0.07171404784688995, 0.000573830940988836], [0.3770708879178159, 0.16980933139344964]], "speeds": [[0.17928511961722335, 0.001434577352470983], [0.9426772197945392, 0.4245233284836233]], "polars": [[0.37321479825015696, -0.24838913875598087], [0.19201982150561958, 1.7835572707459768]], "angular_speed": [[-0.6209728468899608], [4.458893176864942]]}