{"trajectories": [[0.8902449848484847, 0.5687846121212121], [5.10487775034313, 1.614764246208584]], "displacements": [[0.015592673046251993, 0.008447811802232854], [0.39947625387653274, 0.15504316356659043]], "speeds": [[0.038981682615630626, 0.02111952950558252], [0.998690634691331, 0.38760790891647556]], "polars": [[0.38587933560408905, -0.07819333333333335], [0.18716649088628187, 1.9541371359820845]], "angular_speed": [[-0.19548333333332918], [4.885342839955201]]}