{"trajectories": [[0.857621857033639, 0.4745471024464832], [5.305423540272303, 1.7432338507537843]], "displacements": [[-0.005498078223080636, -0.007052118944149365], [0.38309917367704555, 0.15762475641086166]], "speeds": [[-0.013745195557703122, -0.01763029736037361], [0.9577479341926142, 0.39406189102715405]], "polars": [[0.36751089115363206, -0.27066285530339607], [0.1913798496049971, 1.9727887776616393]], "angular_speed": [[-0.676657138258492], [4.931971944154103]]}