{"trajectories": [[0.5460422981651377, 0.3622190259938838], [5.320475788182966, 1.7794483588524022]], "displacements": [[-0.0007588902301625645, 0.0021703444390793504], [0.37978696408946166, 0.16318076639212836]], "speeds": [[-0.001897225575406379, 0.005425861097698354], [0.9494674102236536, 0.4079519159803209]], "polars": [[0.3671342159921688, -0.1780039417350716], [0.18995750674767678, 1.9654454906214427]], "angular_speed": [[-0.44500985433767953], [4.913613726553605]]}