{"trajectories": [[0.4592856804281346, 0.43602751911314985], [5.248816370782463, 1.7633682740881993]], "displacements": [[0.009103532110091742, 0.0013168783196523424], [0.37804318425405165, 0.15888232329639657]], "speeds": [[0.02275883027522832, 0.0032921957991306175], [0.9451079606351274, 0.39720580824099094]], "polars": [[0.3631789749246071, -0.20719309753742154], [0.19064596102488873, 1.934522258681838]], "angular_speed": [[-0.5179827438435566], [4.8363056467045915]]}