{"trajectories": [[0.4290494571865443, 0.37064375764526], [5.283723027840081, 1.8100219399021835]], "displacements": [[0.0050735288910349246, -0.0005372629969418958], [0.38024241798921815, 0.15770268590899522]], "speeds": [[0.012683822227586355, -0.0013431574923548377], [0.9506060449730444, 0.3942567147724876]], "polars": [[0.3642161585092922, -0.18548148639948495], [0.19190375923589603, 1.9569536764852566]], "angular_speed": [[-0.4637037159987142], [4.892384191213139]]}