{"trajectories": [[0.3510929373088685, 0.4518494870030581], [5.407598333622513, 1.7672002609143995]], "displacements": [[-0.013539843875744405, 0.0008821994205697741], [0.3799489261635428, 0.1567922388005602]], "speeds": [[-0.03384960968936068, 0.0022054985514244323], [0.9498723154088551, 0.3919805970013999]], "polars": [[0.3625427098318603, -0.18776175760502176], [0.19414397192982824, 2.002905150099715]], "angular_speed": [[-0.469404394012554], [5.007262875249278]]}