{"trajectories": [[0.5006780244648319, 0.4300413348623853], [5.204904673557787, 1.7950507748932278]], "displacements": [[0.011256886367294381, 0.002339378722034444], [0.38073579344977343, 0.16337728410639968]], "speeds": [[0.028142215918234636, 0.005848446805085857], [0.9518394836244328, 0.4084432102659988]], "polars": [[0.3663045785077021, -0.1500147448897473], [0.19392015708429544, 1.9326084779320072]], "angular_speed": [[-0.3750368622243729], [4.831521194830019]]}