{"trajectories": [[0.3672886544342508, 0.4180814579510703], [5.255537764220691, 1.7641907558392493]], "displacements": [[0.006111679542893933, -0.006080131176565265], [0.3772892135798469, 0.1634897083190815]], "speeds": [[0.015279198857234784, -0.015200327941413266], [0.9432230339496147, 0.4087242707977029]], "polars": [[0.3652232323392375, -0.27903899002092386], [0.18910935088354663, 1.9313569642040407]], "angular_speed": [[-0.6975974750523093], [4.828392410510089]]}