{"trajectories": [[0.056682766819571864, 0.42920205810397555], [5.256971565426352, 1.7674263087514621]], "displacements": [[0.0010291992596169314, 0.004707659745694512], [0.3810058985409686, 0.16109068640853594]], "speeds": [[0.002572998149041179, 0.011769149364236302], [0.9525147463524201, 0.40272671602133936]], "polars": [[0.36690847050992476, -0.16787730806373735], [0.19109447807314842, 1.9665990979215269]], "angular_speed": [[-0.41969327015934355], [4.9164977448038165]]}