{"trajectories": [[0.45008733256880734, 0.3395801697247706], [5.249310073119136, 1.7357892490080056]], "displacements": [[-0.011270416867857718, -0.01077471672300016], [0.3792144942713754, 0.16612441680557818]], "speeds": [[-0.028176042169644724, -0.026936791807500523], [0.948036235678438, 0.4153110420139452]], "polars": [[0.3695566553723305, -0.27313201673909543], [0.18727506457438792, 1.9675014579869572]], "angular_speed": [[-0.6828300418477409], [4.91875364496739]]}