{"trajectories": [[0.4780428333333333, 0.3727962025993884], [5.367944351169714, 1.7737404771652245]], "displacements": [[-0.010926344760985036, -0.00028557057782069745], [0.376508656672564, 0.16586820452684803]], "speeds": [[-0.02731586190246318, -0.0007139264445518987], [0.9412716416814076, 0.41467051131711935]], "polars": [[0.36437474725383956, -0.1770824818928054], [0.19136755196853591, 1.9788438032275553]], "angular_speed": [[-0.44270620473201644], [4.947109508068881]]}