{"trajectories": [[692.6467270807672, 838.1296718282597], [336.30783064811186, 448.0350089570181]], "displacements": [[0.8324643211054206, -1.4965640830917695], [18.34635631443212, 16.454336044622778]], "speeds": [[2.081160802763554, -3.741410207729429], [45.86589078608037, 41.135840111557]], "polars": [[17.998537216898907, 0.2504162286412847], [16.920972892777016, 1.6747512135920528]], "angular_speed": [[0.6260405716032126], [4.186878033980139]]}