{"trajectories": [[689.1632984339258, 837.1908147105402], [339.40242998997866, 449.2559641586696]], "displacements": [[1.0934041508839845, -1.799429508135992], [18.185214249604563, 16.430116336427567]], "speeds": [[2.7335103772099645, -4.498573770339986], [45.46303562401147, 41.07529084106898]], "polars": [[17.923203216045817, 0.22928463839521376], [16.847640956549697, 1.6713332846226403]], "angular_speed": [[0.5732115959880352], [4.178333211556605]]}