{"trajectories": [[691.6255938764737, 837.5413118071441], [336.09392092326135, 451.1765000685021]], "displacements": [[0.9911508932457839, -1.493257823425359], [18.123372288855773, 16.664416724728753]], "speeds": [[2.4778772331144627, -3.7331445585634024], [45.3084307221395, 41.66104181182193]], "polars": [[17.99682662616384, 0.2455426602887652], [16.89632617772538, 1.6708357129788052]], "angular_speed": [[0.6138566507219138], [4.177089282447018]]}