{"trajectories": [[695.8814270631708, 842.1614200246348], [337.32568124168586, 450.66847561303234]], "displacements": [[1.1516017299980552, -1.8675412356335146], [18.347622263970116, 16.41112250775986]], "speeds": [[2.8790043249951416, -4.668853089083791], [45.86905565992536, 41.027806269399704]], "polars": [[17.963365767884444, 0.1984844612278541], [16.973260494276214, 1.6646413078055708]], "angular_speed": [[0.4962111530696357], [4.1616032695139324]]}