{"trajectories": [[693.4539899700862, 839.0771511525603], [339.02728645381495, 451.7795387922232]], "displacements": [[0.9652240754975596, -1.3489632051270177], [18.29685164081887, 16.351710401642315]], "speeds": [[2.413060188743902, -3.3724080128175484], [45.742129102047244, 40.87927600410585]], "polars": [[17.923476718867608, 0.2522290049732814], [16.842017532891695, 1.6755845408299908]], "angular_speed": [[0.6305725124332041], [4.188961352074982]]}