{"trajectories": [[689.2731435861341, 840.6256774590885], [335.72307296440783, 453.9223236628704]], "displacements": [[1.1381960973170213, -1.6179695675930985], [17.893959071319575, 16.399585888867943]], "speeds": [[2.8454902432925566, -4.044923918982752], [44.734897678299, 40.99896472216991]], "polars": [[17.75924685502382, 0.23524801263231987], [16.663212643195436, 1.6641888192134666]], "angular_speed": [[0.5881200315808005], [4.1604720480336725]]}