{"trajectories": [[697.2134831954953, 836.0612748548302], [341.8698415087688, 452.68449024468237]], "displacements": [[0.9785370958630079, -1.4753743852857553], [18.372814280869157, 16.208291151226877]], "speeds": [[2.446342739657523, -3.6884359632143924], [45.93203570217295, 40.52072787806725]], "polars": [[17.860088381661946, 0.24661909841910776], [16.864771390867134, 1.6752105612493766]], "angular_speed": [[0.6165477460477702], [4.188026403123446]]}