{"trajectories": [[700.1200466303009, 839.9454029561851], [340.07254139883014, 452.6325881236324]], "displacements": [[0.8665595450883058, -1.419686599924058], [18.270561674644632, 16.45889270796971]], "speeds": [[2.1663988627207678, -3.549216499810149], [45.67640418661164, 41.147231769924325]], "polars": [[18.048544339146343, 0.25322338942552586], [16.784667283104174, 1.6879619154045844]], "angular_speed": [[0.6330584735638154], [4.219904788511466]]}