{"trajectories": [[693.2220922048214, 841.6139802920992], [338.3346983580393, 445.8619412817028]], "displacements": [[0.9393481945229076, -1.3522416810987525], [18.166319221924585, 16.119033284323976]], "speeds": [[2.3483704863072727, -3.3806042027468863], [45.41579805481153, 40.29758321081]], "polars": [[17.785269762073206, 0.2506959682154533], [16.620273769675087, 1.6782146347866234]], "angular_speed": [[0.626739920538634], [4.195536586966563]]}