{"trajectories": [[700.4045046630301, 836.7228708428647], [340.31113061593294, 448.8916432286579]], "displacements": [[1.199616585013475, -1.5475656852848292], [18.186207492934457, 16.35300555137125]], "speeds": [[2.999041462533692, -3.868914213212078], [45.46551873233621, 40.882513878428185]], "polars": [[17.885817177223384, 0.24733248404752864], [16.795550510283842, 1.666402782991367]], "angular_speed": [[0.6183312101188224], [4.166006957478423]]}