{"trajectories": [[0.3241169822380106, 0.4656678174955595], [5.282835296747404, 1.8001131478222137]], "displacements": [[-0.0008243021407871365, 0.0012221552771805183], [0.3745015936577489, 0.16404377119302663]], "speeds": [[-0.002060755351967469, 0.003055388192951494], [0.9362539841443717, 0.4101094279825665]], "polars": [[0.3615980618737331, -0.19011296812190331], [0.1908161872224798, 1.9538442712264885]], "angular_speed": [[-0.4752824203047565], [4.884610678066219]]}