{"trajectories": [[0.2850960257548846, 0.4207700213143872], [5.340836249041883, 1.8031588954620046]], "displacements": [[-0.0030057516126016626, -0.001353113022342712], [0.37202000969128296, 0.1648837883848939]], "speeds": [[-0.007514379031503665, -0.003382782555856627], [0.9300500242282064, 0.4122094709622345]], "polars": [[0.35925779002965663, -0.24166799803683278], [0.1911289016435552, 1.9512143824500443]], "angular_speed": [[-0.6041699950920801], [4.878035956125105]]}