{"trajectories": [[0.29987141563055064, 0.4040292095914742], [5.258516709236445, 1.8261724384554057]], "displacements": [[0.0012640768439749466, -0.0032753552397868564], [0.3743368757516043, 0.1660908380283608]], "speeds": [[0.003160192109937713, -0.008188388099467004], [0.9358421893790098, 0.4152270950709018]], "polars": [[0.36322586463935436, -0.22403339768159294], [0.1891918606167901, 1.9396325635939213]], "angular_speed": [[-0.5600834942039791], [4.849081408984798]]}