{"trajectories": [[0.2995314684724689, 0.4416338565719361], [5.307632991389747, 1.8091757807814797]], "displacements": [[-0.008330706272786764, -0.0008222721323735625], [0.37157511643480606, 0.16353164566153122]], "speeds": [[-0.02082676568196701, -0.002055680330933555], [0.928937791087014, 0.4088291141538277]], "polars": [[0.35784849680317127, -0.22211787183322426], [0.19189892240573464, 1.9649947914538761]], "angular_speed": [[-0.5552946795830564], [4.912486978634687]]}