{"trajectories": [[0.35704259946714034, 0.40328313898756657], [5.336368270763985, 1.8347199834794197]], "displacements": [[0.0002131873422454877, 0.0032976867345984855], [0.37472092581836114, 0.16257979434166134]], "speeds": [[0.0005329683556143016, 0.008244216836496437], [0.936802314545903, 0.4064494858541534]], "polars": [[0.3610628109010287, -0.2015534088996915], [0.1910301770538808, 1.952152215272282]], "angular_speed": [[-0.5038835222492246], [4.880380538180706]]}