{"trajectories": [[0.34063295870337484, 0.46066125488454707], [5.359060485870408, 1.8018713400321955]], "displacements": [[0.0021295372534355424, -0.0012016929980368323], [0.3740437915310844, 0.16374194518015456]], "speeds": [[0.0053238431335892395, -0.003004232495091761], [0.9351094788277095, 0.4093548629503862]], "polars": [[0.3609246638416473, -0.1976731938861363], [0.19094383629774297, 1.9459474552817029]], "angular_speed": [[-0.49418298471533606], [4.864868638204249]]}