{"trajectories": [[0.4840254942273535, 0.4217110981349911], [5.303286631575206, 1.8210157706698458]], "displacements": [[-0.011606569598952978, -0.0008447863887071129], [0.3729652074536101, 0.16392769924618417]], "speeds": [[-0.029016423997382402, -0.0021119659717675774], [0.9324130186340245, 0.40981924811546006]], "polars": [[0.36013737125699863, -0.20755147798448167], [0.19081885781300148, 1.9757994349893626]], "angular_speed": [[-0.5188786949612004], [4.939498587473404]]}