{"trajectories": [[0.1963668574600355, 0.4638027770870337], [5.343423076137126, 1.8096498562471732]], "displacements": [[-0.014726310647845192, -0.001106119005328597], [0.3708165989693713, 0.16021363783030368]], "speeds": [[-0.03681577661961301, -0.0027652975133211667], [0.9270414974234271, 0.40053409457575906]], "polars": [[0.3562054713558842, -0.22905219126858], [0.19107357148154844, 1.9763968718207408]], "angular_speed": [[-0.5726304781714465], [4.94099217955185]]}