{"trajectories": [[0.2916732770870338, 0.44407504928952046], [5.278081532174811, 1.8003816420024157]], "displacements": [[-0.004563892212769936, 0.0008136052164158174], [0.37412794810539995, 0.16208117652236823]], "speeds": [[-0.01140973053192446, 0.0020340130410398177], [0.9353198702634994, 0.4052029413059204]], "polars": [[0.3599441081349001, -0.21931040198186408], [0.19158225236430765, 1.9573735150584648]], "angular_speed": [[-0.5482760049546572], [4.893433787646158]]}