{"trajectories": [[0.24459891829484903, 0.4471005919182948], [5.261636972453649, 1.8074666792737473]], "displacements": [[-0.014476637842385716, 0.00014998036832756902], [0.37490491602028564, 0.16269637942945073]], "speeds": [[-0.03619159460596401, 0.0003749509208194434], [0.9372622900507124, 0.4067409485736263]], "polars": [[0.36328896908937913, -0.217728013929139], [0.18776189286150646, 1.984741297995774]], "angular_speed": [[-0.5443200348228413], [4.961853244989428]]}