{"trajectories": [[0.5007804180672268, 0.26415542542016807], [5.395016462754726, 1.8251390246224872]], "displacements": [[-0.0069641685095090675, 0.007485990712074304], [0.39349589247533856, 0.1661884485489139]], "speeds": [[-0.017410421273771393, 0.018714976780186084], [0.9837397311883462, 0.4154711213722852]], "polars": [[0.3747887589382969, -0.14230126271561255], [0.20517198565963993, 1.9775939980028021]], "angular_speed": [[-0.35575315678903174], [4.943984995007]]}