{"trajectories": [[0.021455808823529404, 0.2784365262605042], [5.527286038886007, 1.707866366349867]], "displacements": [[0.007881743697478997, -0.0021246561256081362], [0.40444314308823215, 0.16539728393182462]], "speeds": [[0.019704359243698167, -0.005311640314020221], [1.0111078577205785, 0.4134932098295604]], "polars": [[0.3864638347670146, -0.17174279190623618], [0.2040658177835065, 1.9310970862630898]], "angular_speed": [[-0.4293569797655911], [4.827742715657713]]}