{"trajectories": [[0.2188710745798319, 0.27514260714285715], [5.337920701737367, 1.8022458034735596]], "displacements": [[0.034367741043785933, -0.0036339772224679347], [0.3975242444910456, 0.15791342299203512]], "speeds": [[0.08591935260946489, -0.009084943056169938], [0.9938106112276125, 0.3947835574800867]], "polars": [[0.37773734694185157, -0.2052100221141088], [0.20364434256682765, 1.8879675885151126]], "angular_speed": [[-0.5130250552852734], [4.719918971287772]]}