{"trajectories": [[0.2871610210084034, 0.3320869107142857], [5.347607565944737, 1.8510101434160942]], "displacements": [[-0.00597030849181778, -0.0026132618310482085], [0.39565539512339776, 0.15860999589254787]], "speeds": [[-0.014925771229545122, -0.006533154577620435], [0.9891384878084932, 0.39652498973136957]], "polars": [[0.3741538389864913, -0.230032565236621], [0.20433232974701265, 1.9686302756669083]], "angular_speed": [[-0.5750814130915499], [4.921575689167268]]}