{"trajectories": [[0.45901246218487385, 0.3181793140756302], [5.437795608879898, 1.7248581032664851]], "displacements": [[-0.006431489385227777, -0.0008962726669615209], [0.40361969439046136, 0.16530075754898532]], "speeds": [[-0.016078723463068316, -0.002240681667403951], [1.0090492359761511, 0.41325189387246186]], "polars": [[0.38573025872684247, -0.18599860128261833], [0.20368488655039402, 1.9741090246389614]], "angular_speed": [[-0.46499650320654473], [4.93527256159739]]}