{"trajectories": [[0.15063865651260505, 0.4783764726890756], [5.270115947778917, 1.7688481364256539]], "displacements": [[0.005763693056169835, 0.0026428947368421062], [0.39699838572580015, 0.17055933078784855]], "speeds": [[0.014409232640425613, 0.00660723684210519], [0.992495964314499, 0.4263983269696204]], "polars": [[0.3827458051764277, -0.16043412096417514], [0.20060921528627174, 1.938176512387861]], "angular_speed": [[-0.4010853024104381], [4.845441280969644]]}