{"trajectories": [[0.257476243697479, 0.40833688340336133], [5.43219710997846, 1.8376246072966613]], "displacements": [[-0.0008054986731534702, -0.0016054787704555518], [0.3909353179312103, 0.16322403921068865]], "speeds": [[-0.002013746682883027, -0.004013696926138906], [0.9773382948280236, 0.40806009802672066]], "polars": [[0.3697202666721946, -0.1974161643078284], [0.2068396977958173, 1.94988634938961]], "angular_speed": [[-0.4935404107695711], [4.8747158734740115]]}