{"trajectories": [[0.4527219506302521, 0.3987828245798319], [5.340640336340066, 1.810790972450895]], "displacements": [[-0.0036199126492702342, -0.00214141419725785], [0.3948199845556106, 0.16316300201260184]], "speeds": [[-0.00904978162317627, -0.0053535354931448665], [0.9870499613890248, 0.4079075050315041]], "polars": [[0.3761745655809228, -0.21943931999115437], [0.20252251989004455, 1.9534670439091055]], "angular_speed": [[-0.5485982999778887], [4.883667609772758]]}