{"trajectories": [[0.129827474789916, 0.41974556827731097], [5.40382560971575, 1.772313925412802]], "displacements": [[-0.02563457319770014, -0.006779791021671826], [0.3929667203570373, 0.16391408427744716]], "speeds": [[-0.06408643299425001, -0.016949477554179745], [0.9824168008925911, 0.4097852106936172]], "polars": [[0.3761927354493609, -0.23192321318000883], [0.20117851037606602, 2.008261001800868]], "angular_speed": [[-0.5798080329500239], [5.020652504502161]]}