{"trajectories": [[0.4627016544117647, 0.3176291722689075], [5.458476761581042, 1.7567643371502597]], "displacements": [[-0.002338029632905795, -0.004697056612118532], [0.3943904672030527, 0.15774692178262542]], "speeds": [[-0.00584507408226337, -0.01174264153029648], [0.9859761680076308, 0.394367304456563]], "polars": [[0.37303665341847997, -0.23586963732861566], [0.20322183908787605, 1.9638732224841082]], "angular_speed": [[-0.5896740933215385], [4.909683056210262]]}