{"trajectories": [[0.108135605590062, 0.1561627173913043], [5.277465818619987, 1.803002135091983]], "displacements": [[0.007037920889179469, -0.015268241255312192], [0.3992039700641733, 0.17217578868299105]], "speeds": [[0.017594802222950765, -0.03817060313828033], [0.9980099251604327, 0.4304394717074767]], "polars": [[0.388241108459899, -0.3704427983000981], [0.19636650719231377, 1.9375409331585924]], "angular_speed": [[-0.9261069957502467], [4.843852332896471]]}