{"trajectories": [[0.1869929347826087, 0.25868034782608695], [5.428434635855249, 1.797470871005386]], "displacements": [[0.018333082706766913, -0.004568509316770184], [0.4003663693594898, 0.1735528268104202]], "speeds": [[0.045832706766919654, -0.011421273291925563], [1.0009159233987244, 0.43388206702604937]], "polars": [[0.38779807222337515, -0.26470536122915983], [0.20095631810602904, 1.9104244064203064]], "angular_speed": [[-0.6617634030728948], [4.776061016050749]]}