{"trajectories": [[0.4901187329192547, 0.35132765838509317], [5.534693874632536, 1.7541640176258533]], "displacements": [[0.04794152664269368, 0.018370487087283425], [0.38615651060847384, 0.16498125679784859]], "speeds": [[0.11985381660673611, 0.04592621771820855], [0.9653912765211844, 0.41245314199462246]], "polars": [[0.37138768767341274, -0.022262870219025812], [0.20259001949050157, 1.8660319586638439]], "angular_speed": [[-0.05565717554756692], [4.665079896659603]]}