{"trajectories": [[0.772516301242236, 0.3678998664596273], [5.34653207311484, 1.7865560996688368]], "displacements": [[-0.042314194181104936, -0.0018746845374305334], [0.39427119407696815, 0.1630698539092832]], "speeds": [[-0.10578548545276059, -0.0046867113435770345], [0.9856779851924193, 0.4076746347732065]], "polars": [[0.3806480653585455, -0.21527460608041846], [0.1973388140812162, 2.075849482839614]], "angular_speed": [[-0.5381865152010448], [5.1896237070990185]]}