{"trajectories": [[-0.020992459627329235, 0.2592229937888199], [5.423398814115036, 1.8486878468559698]], "displacements": [[0.09051169336384439, 0.01364446224256293], [0.3901528733904836, 0.15870278857063264]], "speeds": [[0.2262792334096109, 0.03411115560640694], [0.9753821834762065, 0.3967569714265814]], "polars": [[0.3769549819552384, -0.09980493625367769], [0.20901990163510936, 1.7577819929887781]], "angular_speed": [[-0.24951234063419742], [4.394454982471934]]}