{"trajectories": [[0.28481529192546595, 0.1516205186335404], [5.344993904252665, 1.8431101394359213]], "displacements": [[0.022522030075187972, -0.0018775286041189916], [0.39926621420278297, 0.1677326223391531]], "speeds": [[0.056305075187967506, -0.004693821510297915], [0.9981655355069534, 0.4193315558478813]], "polars": [[0.38318959617354265, -0.30756532200065384], [0.20303754021686685, 1.8880072758241018]], "angular_speed": [[-0.768913305001634], [4.720018189560255]]}