{"trajectories": [[0.43326721428571435, 0.5515556304347826], [5.407374944390034, 1.701008362618065]], "displacements": [[-0.03736971559333116, -0.0021425073553448843], [0.40185112164896397, 0.16485001495764562]], "speeds": [[-0.09342428898332857, -0.0053562683883618826], [1.0046278041224097, 0.41212503739411266]], "polars": [[0.3883487941192851, -0.1804571722785224], [0.19810641455908917, 2.05212135394377]], "angular_speed": [[-0.45114293069630323], [5.130303384859427]]}