{"trajectories": [[0.7709624720496895, 0.2580223540372671], [5.463709335252824, 1.6903529468470175]], "displacements": [[0.00562715920235371, 0.006160666884602811], [0.4075489935031906, 0.1637798096178429]], "speeds": [[0.014067898005883213, 0.015401667211506586], [1.0188724837579732, 0.40944952404460566]], "polars": [[0.3889903641233087, -0.11820524027459954], [0.20414730833466305, 1.9554873328031086]], "angular_speed": [[-0.29551310068649905], [4.888718332007763]]}