{"trajectories": [[0.9483025931677018, 0.550647596273292], [5.4614588554312595, 1.734342347120649]], "displacements": [[-0.00570590715920236, -0.01186848316443282], [0.40768275607787874, 0.1602969270390528]], "speeds": [[-0.014264767898006233, -0.029671207911082083], [1.0192068901946967, 0.40074231759763174]], "polars": [[0.3896169740909584, -0.3045935240274599], [0.20067976029175907, 1.9571279493168534]], "angular_speed": [[-0.7614838100686505], [4.8928198732921375]]}