{"trajectories": [[0.5508161397515527, 0.2975486397515528], [5.353987928966435, 1.8622218419453012]], "displacements": [[0.04063267734553775, -0.005698251062438707], [0.39527413233446784, 0.15917672245302375]], "speeds": [[0.10158169336384594, -0.014245627656096549], [0.9881853308361673, 0.39794180613255836]], "polars": [[0.37480356310733026, -0.2422633834586466], [0.20684448815267004, 1.8577579215442044]], "angular_speed": [[-0.6056584586466159], [4.644394803860491]]}