{"trajectories": [[0.4022679502369669, 0.3101605039494471], [5.405218933726525, 1.778190268377465]], "displacements": [[0.0049941681217261155, 0.00035206036418059395], [0.39888449568429, 0.1592126164108041]], "speeds": [[0.012485420304317155, 0.0008801509104514622], [0.9972112392107242, 0.39803154102700916]], "polars": [[0.37789538609354134, -0.18868051218092624], [0.20415102486303044, 1.9427531186983829]], "angular_speed": [[-0.471701280452316], [4.856882796745941]]}