{"trajectories": [[-0.09004480331753553, 0.4127858048973144], [5.378977517596243, 1.7804586164426628]], "displacements": [[0.00930819406335745, 0.0028605944957179677], [0.3975651013702694, 0.15995743549588642]], "speeds": [[0.023270485158394104, 0.007151486239294883], [0.993912753425673, 0.3998935887397154]], "polars": [[0.3777231105484049, -0.14850055375405338], [0.20264369773866828, 1.9332558079864706]], "angular_speed": [[-0.3712513843851336], [4.833139519966168]]}