{"trajectories": [[0.37587420063191157, 0.34263411058451815], [5.349838759187597, 1.8272223881884881]], "displacements": [[-0.012196084642886839, 0.004637227072420387], [0.3973770475943833, 0.16284399965227678]], "speeds": [[-0.030490211607216964, 0.011593067681050756], [0.9934426189859576, 0.40710999913069196]], "polars": [[0.37839559748065654, -0.20301802943377406], [0.20350357820041926, 1.9716727784173136]], "angular_speed": [[-0.5075450735844365], [4.929181946043282]]}