{"trajectories": [[0.15723826145339653, 0.32013320300157977], [5.439980300950735, 1.7876136572888432]], "displacements": [[0.01723970649372246, 0.006607002577533882], [0.3925274752662135, 0.16794191266903558]], "speeds": [[0.043099266234306856, 0.016517506443834457], [0.9813186881655346, 0.4198547816725888]], "polars": [[0.3762982626589507, -0.16524201047642803], [0.20254081651041697, 1.9137370597756436]], "angular_speed": [[-0.41310502619107115], [4.784342649439108]]}