{"trajectories": [[0.16576501105845182, 0.34546948657188], [5.468765811188708, 1.7727738073877257]], "displacements": [[0.002564800033258501, 0.0012806526980959504], [0.3981171882005134, 0.16798907047716483]], "speeds": [[0.006412000083146321, 0.003201631745239429], [0.9952929705012811, 0.41997267619291184]], "polars": [[0.3798755469645297, -0.21615144175604883], [0.20596215776061372, 1.9429593426750558]], "angular_speed": [[-0.5403786043901261], [4.857398356687633]]}