{"trajectories": [[0.563799654028436, 0.4531745600315956], [5.387572814648514, 1.8003422670290499]], "displacements": [[0.03005491311216429, 0.0014119414650370008], [0.3937383019072742, 0.16174178624099259]], "speeds": [[0.0751372827804108, 0.0035298536625921893], [0.9843457547681845, 0.4043544656024812]], "polars": [[0.37475363708917886, -0.18299673152074497], [0.20409619955933342, 1.8946860363755704]], "angular_speed": [[-0.4574918288018643], [4.736715090938922]]}