{"trajectories": [[0.5194728467614534, 0.33132369036334913], [5.3835853866168595, 1.8139753884133945]], "displacements": [[0.006080379978381974, 0.002302385466034755], [0.39717117508788585, 0.15982176325316497]], "speeds": [[0.015200949945955994, 0.005755963665086728], [0.9929279377197126, 0.39955440813291193]], "polars": [[0.3752475398155917, -0.20651672486904463], [0.20620255622058709, 1.9398962750755706]], "angular_speed": [[-0.5162918121726132], [4.8497406876889135]]}