{"trajectories": [[0.3649540126382307, 0.38861742575039493], [5.4199738085203055, 1.7899610902702388]], "displacements": [[0.01496221252182589, 0.00013286771430947087], [0.3921864064792927, 0.16442975859102027]], "speeds": [[0.03740553130456533, 0.0003321692857736562], [0.9804660161982307, 0.4110743964775503]], "polars": [[0.37372643413035106, -0.20237323272636568], [0.20346931175740568, 1.915586758332844]], "angular_speed": [[-0.5059330818159123], [4.788966895832102]]}