{"trajectories": [[0.3757833570300158, 0.33978048815165873], [5.3265252131827445, 1.782598956749531]], "displacements": [[-0.01067185000415731, -0.0025105994844932243], [0.402286177463065, 0.16347211823760352]], "speeds": [[-0.026679625010391103, -0.0062764987112327], [1.0057154436576614, 0.4086802955940084]], "polars": [[0.38365372307762224, -0.21505895069427122], [0.20368434961944312, 1.980793758469312]], "angular_speed": [[-0.5376473767356761], [4.951984396173269]]}