{"trajectories": [[0.450631327014218, 0.35000302448657183], [5.42840252229019, 1.7723902801535478]], "displacements": [[-0.0035427197139768856, -0.00028577450735844343], [0.3953670007412848, 0.1632523122756994]], "speeds": [[-0.008856799284941406, -0.0007144362683962348], [0.988417501853211, 0.40813078068924763]], "polars": [[0.37758781364869115, -0.21650044982123556], [0.2010135772841321, 1.9621650181936672]], "angular_speed": [[-0.5412511245530891], [4.905412545484158]]}