{"trajectories": [[0.4399314972770592, 0.3823937668481961], [5.337512422632538, 1.7753059360458254]], "displacements": [[-0.0009407760381211742, -0.0008107316111927198], [0.3803208391032306, 0.16114992711143405]], "speeds": [[-0.0023519400953034477, -0.0020268290279820433], [0.950802097758075, 0.4028748177785846]], "polars": [[0.36641756596317465, -0.19965158002221345], [0.19066449423825027, 1.961398935813911]], "angular_speed": [[-0.4991289500555361], [4.903497339534772]]}