{"trajectories": [[0.47608557522123895, 0.4090267763784888], [5.322456840938885, 1.766221582485914]], "displacements": [[-0.0011333051485077573, -0.0001174984773028552], [0.3790209931887076, 0.16054726698587019]], "speeds": [[-0.0028332628712700566, -0.0002937461932572952], [0.9475524829717681, 0.40136816746467513]], "polars": [[0.3648435877883975, -0.19537777148794377], [0.19058539516586326, 1.9678148476410624]], "angular_speed": [[-0.4884444287198614], [4.919537119102655]]}