{"trajectories": [[0.41135316371681413, 0.37687113070115724], [5.318825397242096, 1.7945604551653558]], "displacements": [[-0.0017499086381713314, -0.0024692074809215003], [0.3782581709314262, 0.1614413022742088]], "speeds": [[-0.004374771595428863, -0.006173018702303947], [0.9456454273285644, 0.4036032556855215]], "polars": [[0.36387098143467406, -0.20514694242413384], [0.1917018674712726, 1.9591961282427333]], "angular_speed": [[-0.5128673560603364], [4.897990320606829]]}