{"trajectories": [[0.46194701123213067, 0.3951453321987747], [5.295039642907643, 1.7741657223128566]], "displacements": [[-0.006098251585396439, -0.001995560173408334], [0.3790897463396972, 0.16237758551913256]], "speeds": [[-0.01524562896349148, -0.004988900433521011], [0.9477243658492424, 0.4059439637978311]], "polars": [[0.3656741032009883, -0.2094238658593386], [0.19078557922410355, 1.9725183890732274]], "angular_speed": [[-0.5235596646483481], [4.931295972683066]]}