{"trajectories": [[0.4595645547991831, 0.40654931552076246], [5.324000122793157, 1.7722709829729908]], "displacements": [[-0.002199926910537064, -0.0014731783167926623], [0.37770280010751733, 0.1617081073735384]], "speeds": [[-0.005499817276343258, -0.003682945791981811], [0.9442570002687919, 0.4042702684338455]], "polars": [[0.3643424989903397, -0.21268681559241875], [0.18992227505384965, 1.9611949575579424]], "angular_speed": [[-0.5317170389810484], [4.902987393894852]]}