{"trajectories": [[0.49065332743362833, 0.40488146221919674], [5.307534795703273, 1.763847762971658]], "displacements": [[0.0012471584679875328, -0.0015298140518075311], [0.3796345126202439, 0.16174004735020842]], "speeds": [[0.003117896169968037, -0.0038245351295190613], [0.9490862815506088, 0.40435011837552065]], "polars": [[0.36610428789471655, -0.2028189577585898], [0.19040418117687868, 1.9574428416847687]], "angular_speed": [[-0.507047394396477], [4.89360710421192]]}