{"trajectories": [[0.43999413002042204, 0.39157565997277055], [5.342762512428319, 1.7708998453055373]], "displacements": [[-0.0001754387159184556, -0.0004044136720289488], [0.3790569678298073, 0.16079667561467592]], "speeds": [[-0.0004385967897969936, -0.0010110341800726606], [0.9476424195745171, 0.4019916890366896]], "polars": [[0.365081733531417, -0.19894534341299128], [0.19040818763886053, 1.959477691516116]], "angular_speed": [[-0.4973633585324804], [4.898694228790289]]}