{"trajectories": [[0.47389055275697756, 0.4055649584751532], [5.335725190669737, 1.7721066740033449]], "displacements": [[-0.002192559206047794, -0.0006175805238078175], [0.37834694788443723, 0.16124323722977732]], "speeds": [[-0.005481398015119912, -0.0015439513095197375], [0.945867369711092, 0.40310809307444295]], "polars": [[0.36409379008470355, -0.1975319257640357], [0.19127648906527595, 1.9638303957590701]], "angular_speed": [[-0.49382981441009044], [4.909575989397672]]}