{"trajectories": [[0.4128351072157931, 0.39169369945541177], [5.300490745990338, 1.7775739868679001]], "displacements": [[-0.00557173121708287, -0.0016071280140446415], [0.37940130079025386, 0.16113977831362228]], "speeds": [[-0.01392932804270791, -0.004017820035111817], [0.9485032519756339, 0.40284944578405535]], "polars": [[0.3654769175047084, -0.21467242556698074], [0.19071346312404247, 1.970315627540698]], "angular_speed": [[-0.5366810639174536], [4.925789068851745]]}