{"trajectories": [[0.38904233287950984, 0.4206994169503064], [5.331804901494897, 1.7645661192145201]], "displacements": [[-0.0042547400666403945, -0.0002978800472931822], [0.3790028852457023, 0.1615642698336657]], "speeds": [[-0.010636850166601604, -0.0007447001182331607], [0.9475072131142551, 0.4039106745841639]], "polars": [[0.36507491761214245, -0.20120897316470207], [0.19100967616196096, 1.968259999659171]], "angular_speed": [[-0.5030224329117572], [4.920649999147925]]}