{"trajectories": [[0.5416393866305329, 0.3471849439927733], [5.449418825045865, 1.780110878694878]], "displacements": [[0.004222095278847521, 0.0011160671326011504], [0.39689316060347585, 0.16156180690847707]], "speeds": [[0.01055523819711923, 0.002790167831502799], [0.992232901508689, 0.4039045172711923]], "polars": [[0.37771102116145944, -0.17814566823562972], [0.202434815614568, 1.9504449844330387]], "angular_speed": [[-0.44536417058907485], [4.8761124610825926]]}