{"trajectories": [[0.3701079598012647, 0.3987013604336043], [5.352816081745979, 1.7962975607598937]], "displacements": [[-0.00020293063281510003, 0.0008433371368801418], [0.39938554715786684, 0.16171304185359348]], "speeds": [[-0.0005073265820372911, 0.0021083428422002145], [0.9984638678946655, 0.40428260463398297]], "polars": [[0.3800221635914542, -0.19101661959777494], [0.20308577193336053, 1.9601299012491324]], "angular_speed": [[-0.4775415489944393], [4.900324753122822]]}