{"trajectories": [[0.32251676061427276, 0.36509989837398377], [5.4192376582948745, 1.7834754822173706]], "displacements": [[0.010798238006941473, 0.0021545880283364246], [0.3969432786907179, 0.16113677378746064]], "speeds": [[0.026995595017354334, 0.005386470070840902], [0.9923581967267936, 0.4028419344686512]], "polars": [[0.3768285309926467, -0.18246387676508344], [0.20408461183518592, 1.9317407670375335]], "angular_speed": [[-0.45615969191271], [4.8293519175938275]]}