{"trajectories": [[0.4264057204155375, 0.38359143812104785], [5.409355927202761, 1.7794665499288596]], "displacements": [[0.002689895402462796, 6.0794465839395624e-05], [0.3985585058989914, 0.15875071084616507]], "speeds": [[0.006724738506157261, 0.00015198616459835502], [0.9963962647474773, 0.39687677711541225]], "polars": [[0.3772216418361253, -0.19368989302524603], [0.20435690099015585, 1.9544397376595086]], "angular_speed": [[-0.4842247325631152], [4.886099344148765]]}