{"trajectories": [[0.377857596205962, 0.36281577822944894], [5.455536870324511, 1.7721778450301036]], "displacements": [[-0.0025492816050967522, 0.0013853240146436564], [0.398588179588639, 0.16389699470695085]], "speeds": [[-0.0063732040127410985, 0.003463310036609042], [0.9964704489715964, 0.40974248676737657]], "polars": [[0.3797724998184161, -0.18414845290733609], [0.20375482355702457, 1.9612088944622585]], "angular_speed": [[-0.46037113226834], [4.903022236155639]]}