{"trajectories": [[0.2966499155374887, 0.3765740876242096], [5.362786892588416, 1.7904562938296897]], "displacements": [[0.013454465839395238, -0.0030497313745067272], [0.39988311472566074, 0.1604311656095655]], "speeds": [[0.033636164598488734, -0.007624328436266962], [0.9997077868141508, 0.4010779140239133]], "polars": [[0.38016000147264856, -0.23966241762943946], [0.2032568845927137, 1.922156885828989]], "angular_speed": [[-0.5991560440735995], [4.805392214572465]]}