{"trajectories": [[0.36965717118337854, 0.3724503464317977], [5.348216703285817, 1.7865486828942894]], "displacements": [[-0.0015596201207626113, 0.0001740731231873728], [0.4003014153748979, 0.16147329975676833]], "speeds": [[-0.0038990503019059493, 0.0004351828079682575], [1.0007535384372437, 0.4036832493919205]], "polars": [[0.38141783833326104, -0.21254040127418816], [0.20208350997308352, 1.9615011661361323]], "angular_speed": [[-0.531351003185471], [4.903752915340324]]}