{"trajectories": [[0.3534739349593496, 0.37398527371273715], [5.380319002357648, 1.7978060517225358]], "displacements": [[-0.005188495221794322, -0.0005803656159368618], [0.39746205323345174, 0.16411916686132394]], "speeds": [[-0.012971238054485268, -0.0014509140398424121], [0.9936551330836282, 0.41029791715330943]], "polars": [[0.3785063976799849, -0.2076687006133219], [0.20413561402666167, 1.9696246873576844]], "angular_speed": [[-0.5191717515333067], [4.924061718394204]]}