{"trajectories": [[0.3523362800361337, 0.3569564241192412], [5.420070155809471, 1.7814334402121885]], "displacements": [[-0.005560867208672089, 0.00327858603147435], [0.4008444141028682, 0.160520020322736]], "speeds": [[-0.013902168021679361, 0.00819646507868585], [1.0021110352571687, 0.401300050806839]], "polars": [[0.38088686600245486, -0.18546474967907575], [0.2034939530285593, 1.9701823165667713]], "angular_speed": [[-0.46366187419768895], [4.925455791416917]]}