{"trajectories": [[0.24769775474254743, 0.35107225383920504], [5.341697792270973, 1.8173387387858564]], "displacements": [[-0.005286051918413921, 0.0005512527932296866], [0.39604902059967867, 0.16445661120361632]], "speeds": [[-0.013215129796033386, 0.0013781319830739281], [0.990122551499196, 0.4111415280090402]], "polars": [[0.3772733349898808, -0.19246997955593587], [0.2039457786194201, 1.9605391314922824]], "angular_speed": [[-0.4811749488898416], [4.901347828730697]]}