{"trajectories": [[0.33955503445566043, 0.31132296226942185], [5.373183351396514, 1.78841288148412]], "displacements": [[0.003943793049228011, -0.0007666382681663055], [0.3972534227085691, 0.16453330091681923]], "speeds": [[0.009859482623070055, -0.0019165956704157614], [0.9931335567714228, 0.41133325229204815]], "polars": [[0.3785568506532156, -0.19612512315428912], [0.20394200407377103, 1.9406800253645804]], "angular_speed": [[-0.49031280788572323], [4.8517000634114575]]}