{"trajectories": [[0.11161168698347107, 0.3279528419421488], [5.306067273251668, 1.8259826935729837]], "displacements": [[0.0017153262287951275, 0.0012052501087429315], [0.3712410940109996, 0.16559645307388976]], "speeds": [[0.004288315571987671, 0.003013125271857381], [0.9281027350274972, 0.41399113268472393]], "polars": [[0.35978178506828334, -0.24412231513701607], [0.18921838509540287, 1.9370697101741214]], "angular_speed": [[-0.6103057878425393], [4.842674275435297]]}