{"trajectories": [[0.1404943450413223, 0.42983866632231404], [5.287910566487107, 1.826905854624029]], "displacements": [[-0.010169135493692912, -0.006076574597651152], [0.3743890502818807, 0.16308606590382155]], "speeds": [[-0.025422838734232754, -0.015191436494127531], [0.9359726257047006, 0.40771516475955377]], "polars": [[0.3619707606947969, -0.24248841779034358], [0.18942473529218457, 1.9684518160115545]], "angular_speed": [[-0.6062210444758558], [4.921129540028886]]}