{"trajectories": [[0.4741686363636364, 0.38307056095041325], [5.232669549767664, 1.833441608451241]], "displacements": [[-0.0049794780339277945, 0.008571077642453238], [0.37820803168172695, 0.15819713855166675]], "speeds": [[-0.012448695084818774, 0.021427694106133256], [0.945520079204316, 0.3954928463791667]], "polars": [[0.3626965663805833, -0.0836965463244889], [0.1913559750404462, 1.9868141202092413]], "angular_speed": [[-0.20924136581121983], [4.967035300523096]]}