{"trajectories": [[0.2502625123966943, 0.44824055268595037], [5.262941339340315, 1.804356206712676]], "displacements": [[0.0029947129186602872, 0.0008326402783819054], [0.37312369784611754, 0.16235293040677604]], "speeds": [[0.007486782296650832, 0.002081600695954888], [0.9328092446152925, 0.40588232601694013]], "polars": [[0.3602632667730173, -0.17359583623314484], [0.18920837221264938, 1.9411110591999006]], "angular_speed": [[-0.4339895905828587], [4.852777647999744]]}