{"trajectories": [[0.027622864669421484, 0.4437496962809918], [5.251662965680225, 1.8235300997670696]], "displacements": [[0.0002574902131361461, 0.0034863277511961717], [0.37580068746441225, 0.16590544159933826]], "speeds": [[0.0006437255328405901, 0.008715819377990243], [0.9395017186610277, 0.4147636039983441]], "polars": [[0.36400013473746823, -0.17467374401913877], [0.19043869077606035, 1.9482374781500214]], "angular_speed": [[-0.4366843600478459], [4.870593695375034]]}