{"trajectories": [[0.5352973626033058, 0.5431358171487604], [5.365988981726036, 1.8078741528321054]], "displacements": [[0.006455829708568944, 0.005153578729882559], [0.3698994815795673, 0.15770660202510794]], "speeds": [[0.016139574271422177, 0.012883946824706703], [0.9247487039489181, 0.3942665050627696]], "polars": [[0.35164536728860635, -0.14415920182688124], [0.19521980322331725, 1.9365156691445768]], "angular_speed": [[-0.36039800456719917], [4.841289172861444]]}