{"trajectories": [[0.4120547923553719, 0.39478005371900826], [5.310134466903732, 1.8456799687409429]], "displacements": [[-0.007458280774249675, 0.001851349499782516], [0.3719258294822959, 0.16671647842952617]], "speeds": [[-0.018645701935623926, 0.004628373749456587], [0.9298145737057396, 0.4167911960738153]], "polars": [[0.36065607860316773, -0.21875025228360157], [0.1900248752918946, 1.968199632390883]], "angular_speed": [[-0.546875630708999], [4.920499080977207]]}