{"trajectories": [[0.22966483677685945, 0.4257886239669421], [5.197791918381163, 1.8175512708552142]], "displacements": [[-0.004638430839495431, 0.0020678621139625926], [0.3774521250407631, 0.15984800039980113]], "speeds": [[-0.011596077098737763, 0.005169655284906558], [0.9436303126019052, 0.39962000099950273]], "polars": [[0.3616643451081036, -0.21364462918660285], [0.19299270064306678, 1.9558721833653818]], "angular_speed": [[-0.5341115729665074], [4.8896804584134435]]}