{"trajectories": [[0.11735071074380163, 0.3408351229338843], [5.321468615841782, 1.8141593903690834]], "displacements": [[0.00885052305350152, 0.0006629056111352759], [0.37019496438748256, 0.1648999929144852]], "speeds": [[0.02212630763375431, 0.001657264027838615], [0.9254874109687059, 0.412249982286213]], "polars": [[0.3578309197204045, -0.18695125924314918], [0.19045241771966578, 1.9244553120535224]], "angular_speed": [[-0.4673781481078683], [4.8111382801337985]]}