{"trajectories": [[0.08207212500000004, 0.3541732159090909], [5.251018689935056, 1.8258097376133975]], "displacements": [[0.027065818834275772, 0.012461021096128753], [0.37163291790058733, 0.1666137034304969]], "speeds": [[0.06766454708568885, 0.031152552740322047], [0.9290822947514659, 0.4165342585762419]], "polars": [[0.3614464283635045, -0.13987494019138755], [0.1900406978973828, 1.8908686528318808]], "angular_speed": [[-0.34968735047846644], [4.727171632079696]]}