{"trajectories": [[0.19069092916378713, 0.41374950621976503], [5.290451106048377, 1.8119211140807383]], "displacements": [[-0.00177148910631797, 0.00032074164332739264], [0.3747551672746466, 0.16233686142252737]], "speeds": [[-0.004428722765794732, 0.0008018541083187026], [0.9368879181866155, 0.4058421535563182]], "polars": [[0.36132186675326733, -0.20884990797657585], [0.19037973009318737, 1.9521018906816583]], "angular_speed": [[-0.5221247699414371], [4.880254726704142]]}