{"trajectories": [[0.2079386979958535, 0.4179338590186593], [5.301672502738336, 1.8114497492506194]], "displacements": [[-0.007899515149310737, 0.00048599316189575553], [0.37290043988623744, 0.16299911462059333]], "speeds": [[-0.01974878787327661, 0.0012149829047396453], [0.9322510997155926, 0.4074977865514833]], "polars": [[0.3594862702111661, -0.2101685385370822], [0.1909337830062002, 1.9642086600822066]], "angular_speed": [[-0.5254213463427024], [4.910521650205514]]}