{"trajectories": [[0.36395006323427787, 0.44677109364201795], [5.281675632883685, 1.8102923386635243]], "displacements": [[-0.0017652053249918144, 0.0001974004292001605], [0.37604870476703195, 0.16354408232913428]], "speeds": [[-0.004413013312479465, 0.0004935010730005825], [0.9401217619175791, 0.40886020582283567]], "polars": [[0.3633453150433374, -0.21589592732695595], [0.19011215683029764, 1.955624563926062]], "angular_speed": [[-0.539739818317387], [4.889061409815152]]}