{"trajectories": [[0.27510083690393916, 0.44159227159640635], [5.294898181046643, 1.8137063286845616]], "displacements": [[-0.004992922925835667, -0.0020557178190812203], [0.3735120110269394, 0.1630617385246296]], "speeds": [[-0.012482307314589047, -0.0051392945477028605], [0.9337800275673475, 0.407654346311574]], "polars": [[0.36034474732040983, -0.23011274615356636], [0.19047616986318316, 1.9577723381348937]], "angular_speed": [[-0.5752818653839132], [4.894430845337231]]}