{"trajectories": [[0.2798417529371113, 0.4455979450587422], [5.267848061843587, 1.818496773804381]], "displacements": [[-0.004117622667588114, 0.0012503866438729869], [0.3722929855679671, 0.16486617142858195]], "speeds": [[-0.010294056668970021, 0.003125966609682722], [0.9307324639199166, 0.4121654285714548]], "polars": [[0.35942892676130056, -0.19696706107009057], [0.19134337321956185, 1.9583532078479962]], "angular_speed": [[-0.492417652675223], [4.895883019619986]]}