{"trajectories": [[0.2688224398756047, 0.44297561437456806], [5.28131310413748, 1.80840313569926]], "displacements": [[-0.005569367475357364, -0.0008658640381187942], [0.3754020472980116, 0.16297212010354487]], "speeds": [[-0.013923418688393271, -0.002164660095296782], [0.938505118245028, 0.4074303002588622]], "polars": [[0.3622682633819204, -0.20726152657039973], [0.19047331038084667, 1.9631305912623085]], "angular_speed": [[-0.5181538164259969], [4.907826478155769]]}