{"trajectories": [[0.228060900138217, 0.41793569903248107], [5.308509159252869, 1.822488636838101]], "displacements": [[-0.0064211308333030235, -4.5370094205797596e-05], [0.37285193189854804, 0.16274487493452405]], "speeds": [[-0.016052827083257223, -0.0001134252355143742], [0.9321298297463693, 0.40686218733631]], "polars": [[0.3592424844934948, -0.21219489797402974], [0.19102494013216803, 1.9660371807779762]], "angular_speed": [[-0.5304872449350727], [4.915092951944937]]}