{"trajectories": [[0.3056102076710435, 0.4220756827919835], [5.278629534644504, 1.8155887912092041]], "displacements": [[-0.007053867166187758, -0.0005538231549849051], [0.3745665036955983, 0.16465071461334108]], "speeds": [[-0.017634667915469117, -0.0013845578874620255], [0.9364162592389949, 0.41162678653335255]], "polars": [[0.3626804467095415, -0.2160430673262285], [0.18953332385119298, 1.9670991181783337]], "angular_speed": [[-0.5401076683155683], [4.91774779544583]]}