{"trajectories": [[0.3646197252937111, 0.4206301831375259], [5.316699796141923, 1.8134426430561816]], "displacements": [[-0.009558937184010479, -5.895791656057898e-05], [0.3736365488351346, 0.16310151336996895]], "speeds": [[-0.023897342960025686, -0.00014739479140118131], [0.9340913720878354, 0.40775378342492224]], "polars": [[0.360439690917526, -0.22281582584657914], [0.19073798849837498, 1.9708433477115666]], "angular_speed": [[-0.5570395646164448], [4.927108369278911]]}