{"trajectories": [[0.22526125812024886, 0.4114925836212854], [5.295968376974674, 1.818466881521293]], "displacements": [[-0.0021858502164187237, -0.0003306943585639977], [0.373978399469738, 0.16429883381689817]], "speeds": [[-0.0054646255410464965, -0.0008267358964097474], [0.9349459986743441, 0.41074708454224507]], "polars": [[0.36128864540068356, -0.22155445204233803], [0.19060260246913263, 1.954612848520213]], "angular_speed": [[-0.5538861301058433], [4.886532121300528]]}