{"trajectories": [[697.9108490566038, 838.3544238229589], [338.2542954332373, 448.88849074159174]], "displacements": [[1.0888732146005995, -1.4529090757222805], [18.262104260308444, 16.455939656057527]], "speeds": [[2.722183036501502, -3.6322726893057062], [45.65526065077117, 41.13984914014388]], "polars": [[17.986446662645562, 0.24629381381729756], [16.854872532587716, 1.6717880111473167]], "angular_speed": [[0.6157345345432448], [4.179470027868297]]}