{"trajectories": [[694.3227010227473, 841.1298426203491], [338.2826396019878, 448.41976154073575]], "displacements": [[1.2001155463159752, -1.5748707644618511], [18.34928016053185, 16.31760415800564]], "speeds": [[3.0002888657899414, -3.937176911154633], [45.87320040132969, 40.794010395014155]], "polars": [[17.946628529222174, 0.2457143558176874], [16.875997971984514, 1.670419723962081]], "angular_speed": [[0.6142858895442193], [4.176049309905208]]}