{"trajectories": [[695.9344097160995, 837.71836536766], [337.25814834073697, 449.87668434917794]], "displacements": [[1.200261719366305, -1.5230535782234638], [18.25824134320178, 16.41928343355086]], "speeds": [[3.0006542984157667, -3.8076339455586647], [45.64560335800452, 41.0482085838772]], "polars": [[18.002424974465185, 0.24160054450621352], [16.81158115269793, 1.6733784111398644]], "angular_speed": [[0.6040013612655346], [4.183446027849667]]}