{"trajectories": [[693.751000705343, 840.0920869335214], [339.04928034847336, 450.5483173162862]], "displacements": [[1.105639031452728, -1.5275292578121376], [18.23286316828616, 16.39417239429886]], "speeds": [[2.764097578631824, -3.8188231445303487], [45.58215792071545, 40.9854309857472]], "polars": [[17.939748739962138, 0.23842759751830642], [16.820445483274437, 1.671693505041263]], "angular_speed": [[0.5960689937957668], [4.179233762603163]]}