{"trajectories": [[696.9577345265385, 838.6217377887498], [336.4081643213866, 450.16068342782876]], "displacements": [[1.057302155936482, -1.6495048677945967], [18.177567126709665, 16.46639480705862]], "speeds": [[2.643255389841208, -4.123762169486497], [45.443917816774224, 41.1659870176466]], "polars": [[17.943865080942402, 0.24124652855246914], [16.835158588582548, 1.67505383748181]], "angular_speed": [[0.6031163213811737], [4.187634593704531]]}