{"trajectories": [[697.2658988714512, 839.0584178275436], [338.40295312725016, 450.6263415669468]], "displacements": [[1.0918059564357905, -1.67767218257246], [18.187388516099418, 16.332130128825362]], "speeds": [[2.7295148910894804, -4.194180456431155], [45.46847129024861, 40.830325322063466]], "polars": [[17.916857864356192, 0.23267444175816018], [16.748504531676076, 1.6732472522815607]], "angular_speed": [[0.5816861043954011], [4.183118130703908]]}