{"trajectories": [[697.1093678363604, 840.2662934226768], [339.4735069827844, 449.3579315599967]], "displacements": [[1.0277450370769101, -1.5970426639690392], [18.28139984227039, 16.23454031211393]], "speeds": [[2.569362592692279, -3.992606659922603], [45.703499605676036, 40.586350780284874]], "polars": [[17.90169241635694, 0.24440961665537492], [16.76025337220586, 1.676030643923324]], "angular_speed": [[0.611024041638438], [4.190076609808315]]}