{"trajectories": [[698.4613450008817, 840.3202014635866], [337.66876643953026, 452.29203327636156]], "displacements": [[1.1727556636256484, -1.6359571782568747], [18.159256788581605, 16.469171562432603]], "speeds": [[2.9318891590641254, -4.089892945642193], [45.39814197145407, 41.17292890608156]], "polars": [[18.00018784938807, 0.2345171405303065], [16.76416321171099, 1.6697601126355779]], "angular_speed": [[0.5862928513257669], [4.17440028158895]]}