{"trajectories": [[696.1402750837594, 840.9513026803033], [338.00357468580535, 451.22651417545825]], "displacements": [[1.107437191992501, -1.5657129068483233], [18.171225525824575, 16.400547978434115]], "speeds": [[2.768592979981256, -3.914282267120814], [45.428063814561504, 41.00136994608533]], "polars": [[17.93090472603528, 0.23648104492849126], [16.772952657478747, 1.6699767315123981]], "angular_speed": [[0.5912026123212288], [4.174941828781001]]}