{"trajectories": [[696.6886704284958, 839.4770146358667], [336.76687104802085, 449.5721731975528]], "displacements": [[1.037223083276875, -1.5785714948630614], [18.31012280548352, 16.205291285966375]], "speeds": [[2.5930577081921906, -3.946428737157659], [45.77530701370886, 40.51322821491598]], "polars": [[17.92251887973966, 0.24109066520338934], [16.73986557619736, 1.678366448022179]], "angular_speed": [[0.6027266630084743], [4.195916120055453]]}