{"trajectories": [[0.21412805286069655, 0.501407152363184], [5.262090241000375, 1.7995634460138341]], "displacements": [[-0.010942125556428385, 0.00031675569520817044], [0.372245364334122, 0.165416185800933]], "speeds": [[-0.027355313891070772, 0.0007918892380208268], [0.9306134108353051, 0.4135404645023328]], "polars": [[0.35945580272760075, -0.17471750523697302], [0.19193874576148318, 1.9748524443702806]], "angular_speed": [[-0.4367937630924284], [4.9371311109257014]]}