{"trajectories": [[0.39416232027363185, 0.40075528855721393], [5.266238843486338, 1.7962581579773833]], "displacements": [[0.00032145129615082456, 0.00442367766431003], [0.37869429283126554, 0.16221527698102187]], "speeds": [[0.0008036282403771688, 0.0110591941607755], [0.946735732078162, 0.40553819245255446]], "polars": [[0.3657540692966121, -0.20050880335166277], [0.1896491406703033, 1.953228403992245]], "angular_speed": [[-0.5012720083791529], [4.883071009980607]]}