{"trajectories": [[0.071024559079602, 0.4231572817164179], [5.249816582889027, 1.7898221005081845]], "displacements": [[-0.015791048703849175, 0.00010617439120188515], [0.37619167256755937, 0.1647549669831019]], "speeds": [[-0.03947762175962252, 0.000265435978005004], [0.9404791814188973, 0.4118874174577545]], "polars": [[0.3643382944739312, -0.22763909007593605], [0.1901876687032481, 1.9784131281871367]], "angular_speed": [[-0.5690977251898381], [4.9460328204678365]]}