{"trajectories": [[0.11423693097014923, 0.4206182630597015], [5.170809621358499, 1.871097042356505]], "displacements": [[0.009485540062843675, 0.005669903770620582], [0.37323047737016046, 0.16399695135801656]], "speeds": [[0.023713850157109494, 0.014174759426551687], [0.9330761934254, 0.4099923783950411]], "polars": [[0.360337717512707, -0.21074494435716157], [0.19098387866379193, 1.919471529236527]], "angular_speed": [[-0.5268623608929022], [4.798678823091311]]}