{"trajectories": [[0.24288008893034826, 0.41208530410447763], [5.221541736989872, 1.8003902226361512]], "displacements": [[-0.005518362136684997, -0.0010908673736580254], [0.37957702591299847, 0.162312736222507]], "speeds": [[-0.013795905341712615, -0.0027271684341450262], [0.9489425647824954, 0.4057818405562678]], "polars": [[0.3669683250803511, -0.2597326976957319], [0.18918254052902045, 1.9619033637774046]], "angular_speed": [[-0.6493317442393287], [4.904758409443511]]}