{"trajectories": [[0.4107269906716418, 0.4143472985074627], [5.338757889694378, 1.8290571501781494]], "displacements": [[-0.009940996988740507, -0.0039781683686829], [0.3755757336286677, 0.16034691546640653]], "speeds": [[-0.02485249247185061, -0.009945420921706966], [0.9389393340716681, 0.40086728866601645]], "polars": [[0.35891073359174686, -0.2825384223618749], [0.19510509872280815, 1.9602552365504766]], "angular_speed": [[-0.7063460559046838], [4.900638091376184]]}