{"trajectories": [[0.2074099776119403, 0.4072195223880597], [5.324567529150743, 1.8203873802576374]], "displacements": [[-0.012192405079863836, -0.0029521288295365276], [0.37265597334525974, 0.16320167560992938]], "speeds": [[-0.030481012699660106, -0.0073803220738412655], [0.9316399333631474, 0.4080041890248227]], "polars": [[0.3590912053211011, -0.2458071019900498], [0.19161977314225173, 1.9664299608858322]], "angular_speed": [[-0.6145177549751222], [4.916074902214575]]}