{"trajectories": [[0.269514949004975, 0.43776296641791046], [5.270121479130203, 1.8089327180127261]], "displacements": [[-0.01275204765645457, -0.004703648860958367], [0.3732023565268932, 0.16381688526929422]], "speeds": [[-0.031880119141136296, -0.011759122152395765], [0.9330058913172319, 0.4095422131732357]], "polars": [[0.3615801039655706, -0.24920206140350878], [0.18857502025678347, 1.973087250213628]], "angular_speed": [[-0.6230051535087677], [4.932718125534068]]}