{"trajectories": [[0.3705772935323383, 0.4151424322139303], [5.281681386444335, 1.8267696654590324]], "displacements": [[-0.011296545561665356, 0.005457611285676878], [0.374133287263261, 0.1611678874298642]], "speeds": [[-0.02824136390416336, 0.013644028214192524], [0.9353332181581513, 0.4029197185746603]], "polars": [[0.3606742614017862, -0.2039313341188793], [0.1897953613813243, 1.9826001873936738]], "angular_speed": [[-0.5098283352971953], [4.95650046848418]]}