{"trajectories": [[0.362714664800995, 0.44325448134328355], [5.392306982950442, 1.8111586942916957]], "displacements": [[0.0023360703063629216, -0.0017704503796805446], [0.3661966480752666, 0.1639628634295607]], "speeds": [[0.005840175765907652, -0.004426125949200921], [0.915491620188166, 0.4099071585739022]], "polars": [[0.3531753348579326, -0.23081700903377844], [0.19041948485538915, 1.9316997136962066]], "angular_speed": [[-0.5770425225844421], [4.829249284240516]]}