{"trajectories": [[0.39305977215189875, 0.3050808234177215], [5.370927981906948, 1.794850823614996]], "displacements": [[-0.005996876082611589, -0.0035445756162558292], [0.402606629020562, 0.1631714069323307]], "speeds": [[-0.014992190206528644, -0.008861439040639555], [1.0065165725514043, 0.4079285173308267]], "polars": [[0.3849486030052963, -0.2299458287808128], [0.201445043013962, 1.9717714882778292]], "angular_speed": [[-0.5748645719520311], [4.929428720694567]]}