{"trajectories": [[0.21406085126582278, 0.3815320025316456], [5.3877017189619565, 1.7767481948624044]], "displacements": [[0.0027914337108594254, 0.0016043644237175218], [0.3985974948622935, 0.164084514583862]], "speeds": [[0.0069785842771488815, 0.004010911059293914], [0.9964937371557324, 0.410211286459654]], "polars": [[0.38044688003590177, -0.18711731845436375], [0.20266777838381744, 1.9460134062745331]], "angular_speed": [[-0.46779329613590837], [4.865033515686323]]}