{"trajectories": [[0.4646655759493671, 0.32656796139240507], [5.4698705850658325, 1.776341320092514]], "displacements": [[0.005798684210526316, 0.00397515123251166], [0.39725962084171945, 0.16278582694120464]], "speeds": [[0.014496710526316433, 0.009937878081279205], [0.9931490521042985, 0.4069645673530109]], "polars": [[0.3782242340308059, -0.18301058361092606], [0.2032493226604787, 1.9411504648273834]], "angular_speed": [[-0.45752645902731504], [4.852876162068453]]}