{"trajectories": [[0.3045066588607595, 0.351449182278481], [5.394255345556463, 1.758218496792713]], "displacements": [[0.007517575616255828, 0.002466890073284477], [0.4013911531390707, 0.16374393201982487]], "speeds": [[0.018793939040639664, 0.006167225183211281], [1.0034778828476754, 0.4093598300495617]], "polars": [[0.3832942006766499, -0.19673390339773483], [0.20266989985948533, 1.942807009472333]], "angular_speed": [[-0.4918347584943353], [4.857017523680828]]}