{"trajectories": [[0.35432175632911395, 0.390318211392405], [5.388722859567851, 1.803471628273827]], "displacements": [[-0.01564289273817455, -0.0028142145236508998], [0.3944722074896853, 0.16264523181076893]], "speeds": [[-0.039107231845436005, -0.007035536309127487], [0.9861805187242122, 0.4066130795269219]], "polars": [[0.3754806233779099, -0.2035395522984677], [0.2032946513730832, 1.9865949075980815]], "angular_speed": [[-0.5088488807461716], [4.9664872689951975]]}