{"trajectories": [[0.31022860506329114, 0.3707945183544304], [5.38300956807169, 1.7808560505231026]], "displacements": [[-0.013437475016655563, 0.001819493004663557], [0.39752038086047936, 0.16614971351621938]], "speeds": [[-0.03359368754163819, 0.004548732511658933], [0.9938009521511966, 0.41537428379054797]], "polars": [[0.38127503907683963, -0.16031654163890738], [0.20110047580141127, 1.9851593739750832]], "angular_speed": [[-0.40079135409726696], [4.962898434937699]]}