{"trajectories": [[0.289830896835443, 0.29992069493670886], [5.3542801729518095, 1.7742239401823015]], "displacements": [[-0.018955035976015992, -0.003700089940039973], [0.4010138433927441, 0.16512154873684337]], "speeds": [[-0.047387589940038846, -0.009250224850100136], [1.0025346084818598, 0.41280387184210837]], "polars": [[0.3845729260094192, -0.234909401065956], [0.20137993218005681, 1.9942457231264128]], "angular_speed": [[-0.5872735026648933], [4.985614307816028]]}