{"trajectories": [[0.2641950518987342, 0.3309765632911392], [5.353962920468423, 1.8082213514788745]], "displacements": [[-0.0031944710193204514, 0.0011840066622251838], [0.40221653285902265, 0.1619923116542857]], "speeds": [[-0.007986177548300786, 0.002960016655562963], [1.0055413321475546, 0.4049807791357134]], "polars": [[0.38345500255996423, -0.1991866988674217], [0.20246855525942734, 1.9636755529071273]], "angular_speed": [[-0.497966747168555], [4.909188882267807]]}