{"trajectories": [[0.17161182405063294, 0.3061045164556962], [5.363640839176476, 1.8128556539603775]], "displacements": [[0.009236113257828115, 0.0033789407061958696], [0.39975183927755226, 0.16556774820218054]], "speeds": [[0.02309028314457081, 0.008447351765489315], [0.9993795981938791, 0.41391937050545097]], "polars": [[0.3818967263842247, -0.15562336708860758], [0.20363159297109723, 1.9498304485444866]], "angular_speed": [[-0.3890584177215218], [4.874576121361209]]}