{"trajectories": [[0.16011502278481013, 0.27925524873417723], [5.4360458469378825, 1.8099771850248891]], "displacements": [[0.0038382405063291133, -0.00548885276482345], [0.39440452849910546, 0.16194218453273837]], "speeds": [[0.009595601265823742, -0.013722131912058604], [0.9860113212477635, 0.4048554613318462]], "polars": [[0.3737601932454145, -0.22406932311792138], [0.2052519933443911, 1.9439955359787409]], "angular_speed": [[-0.5601733077948041], [4.859988839946846]]}