{"trajectories": [[0.4247776458498024, 0.3650225679841897], [5.34601684465592, 1.7892350092102622]], "displacements": [[-0.0007444834616184722, 0.00010286623673809091], [0.39996531970663723, 0.16151514600201625]], "speeds": [[-0.0018612086540454116, 0.0002571655918451237], [0.9999132992665922, 0.40378786500504016]], "polars": [[0.3806125522041066, -0.1972829685874766], [0.20296317226986937, 1.9580783541218636]], "angular_speed": [[-0.493207421468692], [4.895195885304651]]}