{"trajectories": [[0.44330642213438737, 0.3712630758893281], [5.392897708519556, 1.7862397322234695]], "displacements": [[0.0001507597254004575, 0.003085263157894737], [0.397841044268283, 0.16229504939802047]], "speeds": [[0.00037689931350222606, 0.007713157894736655], [0.9946026106707067, 0.4057376234950507]], "polars": [[0.3784818138992895, -0.16786149823174537], [0.2034164145007372, 1.9566875205853285]], "angular_speed": [[-0.41965374557936475], [4.891718801463313]]}