{"trajectories": [[0.40537302569169953, 0.37939123162055344], [5.4043559501460425, 1.7833697527998968]], "displacements": [[0.0016706032868733082, -0.00014943374245891372], [0.40063730766539246, 0.16169162457403607]], "speeds": [[0.004176508217183699, -0.0003735843561474609], [1.0015932691634801, 0.40422906143508985]], "polars": [[0.38120794433850236, -0.22087080715623048], [0.20331687133576523, 1.9516520729341755]], "angular_speed": [[-0.5521770178905773], [4.879130182335433]]}