{"trajectories": [[0.380405818577075, 0.3508569434782609], [5.391194417168653, 1.7879782213102156]], "displacements": [[-0.003870775119617226, 0.0008927759517370501], [0.39827205912040614, 0.16229465205944868]], "speeds": [[-0.009676937799042587, 0.0022319398793423663], [0.9956801478010144, 0.4057366301486212]], "polars": [[0.3785173094184622, -0.17651803786145204], [0.204207280924654, 1.969047964158242]], "angular_speed": [[-0.44129509465363254], [4.922619910395598]]}