{"trajectories": [[0.3765101940711462, 0.3409474166007906], [5.396057146252273, 1.804534928688264]], "displacements": [[0.005163689203245267, 0.0014497187434990635], [0.3976551171167495, 0.16095484823801035]], "speeds": [[0.012909223008113827, 0.003624296858747672], [0.9941377927918728, 0.40238712059502535]], "polars": [[0.37747051289553984, -0.20849362970667773], [0.2039137871882569, 1.9466286554976484]], "angular_speed": [[-0.5212340742666942], [4.866571638744114]]}