{"trajectories": [[0.40216126837944666, 0.37793819209486174], [5.380630271811384, 1.7896016969684003]], "displacements": [[0.0027381011025587685, 0.0013458140212190557], [0.39949027155813915, 0.1623130050311576]], "speeds": [[0.006845252756397844, 0.0033645350530474793], [0.9987256788953469, 0.4057825125778935]], "polars": [[0.3797909922180146, -0.20406438984813813], [0.20422071225741015, 1.9454395734095349]], "angular_speed": [[-0.5101609746203462], [4.863598933523828]]}