{"trajectories": [[0.3865221624505929, 0.3541211683794466], [5.336377002372496, 1.8034179444117546]], "displacements": [[0.006870889952153109, -0.001275998751820262], [0.39959324579818045, 0.162408235142268]], "speeds": [[0.017177224880383216, -0.0031899968795508363], [0.9989831144954506, 0.40602058785566963]], "polars": [[0.38031696418169864, -0.20448954441439568], [0.2036149331132593, 1.9415134740675102]], "angular_speed": [[-0.511223861035991], [4.853783685168771]]}