{"trajectories": [[0.31297431857707503, 0.36807175770750994], [5.4363749668946895, 1.7817968901538597]], "displacements": [[-0.0005794840857083394, 0.0020005475348450178], [0.398070728353057, 0.16162570794554712]], "speeds": [[-0.0014487102142703772, 0.005001368837112407], [0.9951768208826414, 0.40406426986386695]], "polars": [[0.37814458434199505, -0.1781555560640732], [0.20394652624032886, 1.9580161358181365]], "angular_speed": [[-0.445388890160184], [4.895040339545333]]}