{"trajectories": [[0.400412690909091, 0.38610176284584985], [5.430310196123109, 1.7750310817178212]], "displacements": [[-0.0033217445392136483, 0.001046788433534428], [0.39760817139433724, 0.15974327506404776]], "speeds": [[-0.008304361348033149, 0.0026169710838359426], [0.9940204284858413, 0.3993581876601189]], "polars": [[0.3768615527323592, -0.17896297274807574], [0.20395507278001274, 1.9689960977527028]], "angular_speed": [[-0.44740743187019016], [4.922490244381746]]}