{"trajectories": [[0.3289653727272727, 0.35231621936758895], [5.369793110916024, 1.8055802760901127]], "displacements": [[0.0038678772623257753, 0.000563468691491575], [0.3978954760824891, 0.16087449608676896]], "speeds": [[0.009669693155815246, 0.0014086717287289069], [0.9947386902062221, 0.4021862402169222]], "polars": [[0.3776058114212665, -0.20596693987934261], [0.20403564034367166, 1.9470461286573186]], "angular_speed": [[-0.5149173496983569], [4.8676153216432905]]}