{"trajectories": [[0.4410857900466563, 0.4506406632970451], [5.353773394133332, 1.8358963976141127]], "displacements": [[-0.004323177539494148, -0.0008546844560857823], [0.3669503432682336, 0.1612695261443748]], "speeds": [[-0.010807943848735074, -0.0021367111402143396], [0.9173758581705824, 0.40317381536093744]], "polars": [[0.3509240287975151, -0.22024502250961775], [0.19373218847053758, 1.9545884560260178]], "angular_speed": [[-0.550612556274043], [4.886471140065041]]}