{"trajectories": [[0.08545258009331261, 0.40741261041990673], [5.321974070676518, 1.7913207071361348]], "displacements": [[-0.013455841859703692, 0.000820812801833511], [0.3768874199782618, 0.1602038623196667]], "speeds": [[-0.03363960464925886, 0.0020520320045840684], [0.9422185499456536, 0.40050965579916625]], "polars": [[0.363750659280014, -0.22443450437914383], [0.188617592305632, 1.9927292841545496]], "angular_speed": [[-0.5610862609478571], [4.981823210386369]]}