{"trajectories": [[0.032109971228615836, 0.5088264735614308], [5.319596550956239, 1.756616423138325]], "displacements": [[0.0019309282147826818, 0.0006772243594990587], [0.37578205966027345, 0.16154740147391533]], "speeds": [[0.004827320536956818, 0.0016930608987477942], [0.9394551491506832, 0.40386850368478794]], "polars": [[0.36189628175462973, -0.22032140705574196], [0.19064361424991164, 1.9407546642573932]], "angular_speed": [[-0.5508035176393524], [4.851886660643483]]}