{"trajectories": [[0.33674677293934685, 0.38181317029548995], [5.335985962215425, 1.774326108630567]], "displacements": [[-0.006104453630187445, -0.003917851354669723], [0.37737293200792743, 0.16098405951826902]], "speeds": [[-0.015261134075468566, -0.009794628386674184], [0.9434323300198165, 0.402460148795672]], "polars": [[0.3650079615106258, -0.22514503888024887], [0.18747799651814967, 1.9624969920408006]], "angular_speed": [[-0.5628625972006188], [4.9062424801019935]]}