{"trajectories": [[0.3330666205287714, 0.4727484758942456], [5.446230473660986, 1.7672578131091965]], "displacements": [[0.005891971842514531, 0.004878138659245314], [0.3689681149888142, 0.1643294970728252]], "speeds": [[0.014729929606286395, 0.012195346648113349], [0.922420287472035, 0.4108237426820626]], "polars": [[0.35574383628038697, -0.1584019456495048], [0.19143272448589221, 1.936487354279046]], "angular_speed": [[-0.3960048641237592], [4.84121838569761]]}