{"trajectories": [[0.42713587558320376, 0.4597962659409021], [5.201506690579593, 1.8112656025708995]], "displacements": [[-0.008599266595727267, 0.0019212016043218478], [0.3771389780109257, 0.1631107817420448]], "speeds": [[-0.021498166489318675, 0.004803004010804802], [0.9428474450273132, 0.4077769543551121]], "polars": [[0.36522001833684786, -0.2142343005647868], [0.18849645212376773, 1.9697561938004524]], "angular_speed": [[-0.5355857514119655], [4.9243904845011315]]}