{"trajectories": [[0.2859364805598756, 0.44005539580093317], [5.406618438721489, 1.8102428978967064]], "displacements": [[-0.009217056560530408, -0.0043921003519685675], [0.3781108289362267, 0.16196071347328359]], "speeds": [[-0.02304264140132547, -0.010980250879921405], [0.9452770723405657, 0.40490178368320945]], "polars": [[0.3635767041949575, -0.20391807890644184], [0.19265330651584897, 1.9883116501952818]], "angular_speed": [[-0.5097951972661036], [4.970779125488201]]}