{"trajectories": [[0.28947326205287705, 0.41183580248833584], [5.338487739143213, 1.8361720618488686]], "displacements": [[-5.324302201849928e-05, 0.0069744806417287395], [0.37406042512408794, 0.16459850281367597]], "speeds": [[-0.00013310755504636598, 0.017436201604322087], [0.9351510628102193, 0.41149625703418996]], "polars": [[0.36112851160959214, -0.13459487189981173], [0.19143853606366468, 1.9572286625020483]], "angular_speed": [[-0.33648717974952813], [4.89307165625512]]}