{"trajectories": [[0.4077970202177294, 0.45904198600311047], [5.255484766679496, 1.8033981958430434]], "displacements": [[0.015607265286076775, 0.002320293034296473], [0.3744317088781591, 0.1628171910332586]], "speeds": [[0.039018163215191935, 0.005800732585741551], [0.9360792721953967, 0.4070429775831468]], "polars": [[0.3609767470606788, -0.17390543504952116], [0.19145051809891972, 1.9233147959048784]], "angular_speed": [[-0.4347635876237991], [4.808286989762192]]}