{"trajectories": [[0.6169691609642302, 0.42967894479004665], [5.300037965754651, 1.8114512317750757]], "displacements": [[0.0014506777441270365, -0.00520800032741262], [0.37520496416301374, 0.16222591325795288]], "speeds": [[0.003626694360316547, -0.013020000818531703], [0.938012410407533, 0.40556478314488226]], "polars": [[0.362008027701578, -0.2550175321273635], [0.18993532498691879, 1.941139489542529]], "angular_speed": [[-0.6375438303184096], [4.852848723856322]]}