{"trajectories": [[0.37127527300613494, 0.5373080490797546], [5.273829481686596, 1.7737935522415278]], "displacements": [[0.010635560219567325, 0.010398692282854375], [0.3664973060974722, 0.15608100761320604]], "speeds": [[0.02658890054891956, 0.025996730707136186], [0.9162432652436808, 0.390202519033015]], "polars": [[0.34943191706282745, -0.25168703907006784], [0.1918336247753056, 1.9102111142085745]], "angular_speed": [[-0.6292175976751705], [4.775527785521434]]}