{"trajectories": [[0.29580790797546014, 0.3601849263803681], [5.2196296565539875, 1.7130722862069931]], "displacements": [[0.026124216984178238, 0.006965870196964804], [0.38265106648206265, 0.16805960951009546]], "speeds": [[0.06531054246044651, 0.017414675492412483], [0.9566276662051583, 0.42014902377524]], "polars": [[0.37560082728438826, -0.10002298030351955], [0.18525897449912165, 1.890734159598603]], "angular_speed": [[-0.2500574507587953], [4.726835398996526]]}