{"trajectories": [[1.0461123435582822, 0.46595568711656443], [5.17429250051135, 1.8244298905928669]], "displacements": [[-0.011621898611559574, -0.015099886987407168], [0.38058673050009645, 0.167710259685847]], "speeds": [[-0.029054746528898348, -0.03774971746851736], [0.951466826250241, 0.41927564921461785]], "polars": [[0.371510851894922, -0.2640260768485631], [0.18792485912014528, 1.9895109299582945]], "angular_speed": [[-0.6600651921214051], [4.973777324895735]]}