{"trajectories": [[0.3201820337423314, 0.4787014417177914], [5.2075779836710465, 1.8309520918751119]], "displacements": [[-0.01198241524055538, 0.0013228091701646745], [0.3717438934706093, 0.16139433513182724]], "speeds": [[-0.02995603810138926, 0.0033070229254117942], [0.9293597336765225, 0.4034858378295682]], "polars": [[0.3577820227943674, -0.15427681627381337], [0.1907328131434151, 1.9753902467268456]], "angular_speed": [[-0.38569204068453233], [4.93847561681711]]}