{"trajectories": [[0.4608410920245399, 0.43913702147239264], [5.215277999289489, 1.8031163232750613]], "displacements": [[0.017025117855989664, -0.010070132386180175], [0.37444587656852035, 0.16655608743432057]], "speeds": [[0.042562794639975296, -0.025175330965449747], [0.9361146914213002, 0.4163902185858018]], "polars": [[0.36259500918958004, -0.20188812721989025], [0.1920072036557235, 1.9109616083388044]], "angular_speed": [[-0.5047203180497197], [4.7774040208470065]]}