{"trajectories": [[-0.678243662576687, 0.5704227423312883], [5.208596122108512, 1.7969613124938606]], "displacements": [[-0.01993486922828544, -0.005757558927994832], [0.3738300144206555, 0.16605602567860508]], "speeds": [[-0.04983717307071237, -0.014393897319986929], [0.9345750360516372, 0.415140064196512]], "polars": [[0.3615532544372379, -0.1407427155311592], [0.19244031814492818, 2.007759568562972]], "angular_speed": [[-0.3518567888278996], [5.019398921407414]]}