{"trajectories": [[0.7181142147239263, 0.6288350736196319], [5.313171986387519, 1.7216068777447247]], "displacements": [[-0.011627203745560217, 0.002842040684533418], [0.37257225660506915, 0.16522615019814582]], "speeds": [[-0.02906800936389894, 0.007105101711334022], [0.9314306415126697, 0.41306537549536404]], "polars": [[0.36066793074653963, -0.15139569583467874], [0.1901885377573958, 1.9783058038332146]], "angular_speed": [[-0.37848923958669567], [4.945764509583013]]}