{"trajectories": [[0.9697420981595093, 0.5555259110429448], [5.2023603153997175, 1.7213312165336065]], "displacements": [[-0.04595935744268648, -0.010800019373587343], [0.371967368383671, 0.16152426310351328]], "speeds": [[-0.11489839360671464, -0.02700004843396756], [0.9299184209591775, 0.40381065775878344]], "polars": [[0.3634454066577066, -0.28498284468840807], [0.18597351974900986, 2.0534310476721536]], "angular_speed": [[-0.7124571117210129], [5.133577619180382]]}