{"trajectories": [[0.013262503067484636, 0.5926108834355828], [5.23875469883259, 1.8002417431167452]], "displacements": [[-0.031069431708104618, -0.00919417500807233], [0.3664563060650303, 0.15895733794625733]], "speeds": [[-0.07767357927026408, -0.02298543752018051], [0.9161407651625736, 0.3973933448656422]], "polars": [[0.351957742924305, -0.2937120116241524], [0.1916592006092072, 1.9992740117740346]], "angular_speed": [[-0.7342800290603769], [4.998185029435091]]}