{"trajectories": [[0.2994126564417177, 0.4370647607361963], [5.186047654921342, 1.8342157346577606]], "displacements": [[-0.034805153374233136, -0.007658727801097836], [0.37004266368334837, 0.16573195549382563]], "speeds": [[-0.08701288343558233, -0.01914681950274426], [0.9251066592083695, 0.41432988873456333]], "polars": [[0.3582675327822244, -0.2257454730384243], [0.19316594882315063, 2.029655711557227]], "angular_speed": [[-0.5643636825960616], [5.074139278893058]]}