{"trajectories": [[0.37479017209775967, 0.35859980855397156], [5.275067384619441, 1.8058288263585727]], "displacements": [[-0.008310016078893773, -0.002552397899024547], [0.37624504520569707, 0.1610912117085428]], "speeds": [[-0.02077504019723543, -0.006380994747561676], [0.9406126130142418, 0.402728029271356]], "polars": [[0.3614247611510131, -0.23869632543680996], [0.19224574289373259, 1.9709519902952586]], "angular_speed": [[-0.5967408135920276], [4.927379975738145]]}