{"trajectories": [[0.442951366598778, 0.36473260896130344], [5.340672868154304, 1.756581992483542]], "displacements": [[-0.002820381605745523, 0.002819129595883803], [0.3748080445063499, 0.16109585223880446]], "speeds": [[-0.0070509540143642935, 0.007047823989709325], [0.9370201112658738, 0.40273963059701073]], "polars": [[0.36134866899070045, -0.16219442062386108], [0.189409570238545, 1.97309896313103]], "angular_speed": [[-0.40548605155965556], [4.932747407827572]]}