{"trajectories": [[0.5876250539714867, 0.4108855050916497], [5.354176314650424, 1.7611249132931637]], "displacements": [[0.008725006967520632, 0.0028376739200343015], [0.38395829911030505, 0.1581764140535462]], "speeds": [[0.021812517418800702, 0.007094184800085678], [0.959895747775761, 0.3954410351338648]], "polars": [[0.3677853022912481, -0.17468637688927002], [0.1930334245070328, 1.949023068481245]], "angular_speed": [[-0.43671594222317467], [4.872557671203109]]}