{"trajectories": [[0.5163698411405295, 0.4557391446028513], [5.391504895115084, 1.7701684687522787]], "displacements": [[-0.009747510987244079, -0.007667082216743487], [0.3797923279072487, 0.16045893071779482]], "speeds": [[-0.024368777468110815, -0.019167705541859176], [0.9494808197681209, 0.40114732679448645]], "polars": [[0.36384607823006, -0.23567009432951014], [0.19431703543713041, 1.978313263915684]], "angular_speed": [[-0.5891752358237764], [4.945783159789209]]}