{"trajectories": [[0.7378669042769858, 0.4217237637474542], [5.337632877287182, 1.7976815945364353]], "displacements": [[-0.024818085539714874, 0.0015543455890234751], [0.3759727668743456, 0.16565452383104676]], "speeds": [[-0.06204521384928832, 0.003885863972557942], [0.9399319171858632, 0.4141363095776179]], "polars": [[0.36523673324496214, -0.23649967842212455], [0.1897825722911798, 2.009812464601879]], "angular_speed": [[-0.5912491960553183], [5.024531161504702]]}