{"trajectories": [[0.3137750254582484, 0.496309400203666], [5.315800835600689, 1.7182424539687604]], "displacements": [[-0.018234723978990244, -0.016792835244935144], [0.38040360141880813, 0.16298213411809298]], "speeds": [[-0.04558680994747577, -0.041982088112338], [0.9510090035470194, 0.4074553352952318]], "polars": [[0.3694267438377495, -0.3165422092400043], [0.18817136186380434, 1.981749595657917]], "angular_speed": [[-0.791355523100012], [4.95437398914479]]}