{"trajectories": [[0.5819296649694501, 0.4075470397148676], [5.354753026948006, 1.8105679526478036]], "displacements": [[0.017080164004716476, -0.0033330217601029045], [0.37486508008608105, 0.16583401395157282]], "speeds": [[0.042700410011790396, -0.00833255440025731], [0.937162700215201, 0.4145850348789312]], "polars": [[0.3612802559281869, -0.22173537463822487], [0.19443293487518898, 1.9167807665246557]], "angular_speed": [[-0.5543384365955623], [4.791951916311635]]}