{"trajectories": [[0.6078481201629328, 0.38076591751527494], [5.305796054554539, 1.7811442218386957]], "displacements": [[-0.015778067316968597, 0.001509110301211277], [0.38036212557526766, 0.16071892632595292]], "speeds": [[-0.039445168292421895, 0.003772775753028299], [0.9509053139381676, 0.40179731581488104]], "polars": [[0.3662469811394938, -0.15833761925179546], [0.19136429520647277, 1.9939787539688465]], "angular_speed": [[-0.3958440481294882], [4.98494688492211]]}