{"trajectories": [[0.2696548350305498, 0.43408828513238296], [5.290830945697185, 1.7626707664537713]], "displacements": [[0.016506111051559653, 0.005330121127666417], [0.3791388492919409, 0.1613325698840375]], "speeds": [[0.04126527762889911, 0.013325302819165923], [0.9478471232298509, 0.4033314247100935]], "polars": [[0.3654751718815833, -0.1572562300353736], [0.19105817380895823, 1.9209453723281562]], "angular_speed": [[-0.39314057508843525], [4.802363430820382]]}