{"trajectories": [[0.4597824276985744, 0.34896395010183295], [5.263253904147792, 1.7708012226594283]], "displacements": [[-0.013147159395433596, -0.003372570479151034], [0.38244132882892384, 0.15432553463766308]], "speeds": [[-0.03286789848858412, -0.008431426197877848], [0.9561033220723086, 0.38581383659415763]], "polars": [[0.36521470235418896, -0.19432882945653343], [0.19204214082794577, 1.999293883139326]], "angular_speed": [[-0.485822073641336], [4.99823470784831]]}