{"trajectories": [[686.0481462231462, 831.8841649341649], [340.5938978998072, 451.3630896088421]], "displacements": [[0.8033884086515666, -1.6203815151183572], [18.530679189956455, 16.50164309335852]], "speeds": [[2.0084710216289188, -4.0509537877958985], [46.326697974891204, 41.25410773339635]], "polars": [[18.294290989697124, 0.1896349403654667], [16.8606133457728, 1.697044200384709]], "angular_speed": [[0.47408735091366727], [4.242610500961779]]}