{"trajectories": [[698.3629591129591, 817.4854123354123], [338.7764884557342, 452.1839914105345]], "displacements": [[0.8731808731808732, -1.0116168800379326], [17.800727686973893, 17.138946886662517]], "speeds": [[2.182952182952186, -2.529042200094835], [44.50181921743479, 42.84736721665635]], "polars": [[17.98789738953266, 0.2945730586862166], [16.99502184825158, 1.675227232239976]], "angular_speed": [[0.7364326467155424], [4.188068080599946]]}