{"trajectories": [[703.8621101871101, 830.0576403326403], [340.35982236515474, 452.0880804825431]], "displacements": [[0.13342087026297553, -1.3706641864536602], [18.908760227773936, 15.94186969939645]], "speeds": [[0.33355217565743894, -3.4266604661341553], [47.2719005694349, 39.854674248491186]], "polars": [[18.004218019006974, 0.28171269540795857], [17.012615255412467, 1.7024350157651396]], "angular_speed": [[0.7042817385198973], [4.256087539412854]]}