{"trajectories": [[689.1622834372835, 820.4971067221068], [342.33709024502906, 439.9108158296035]], "displacements": [[1.1189955137323557, -1.4405295984243354], [17.69602566686228, 16.360245460402172]], "speeds": [[2.797488784330893, -3.601323996060843], [44.24006416715575, 40.900613651005486]], "polars": [[17.917344072396475, 0.23041749534960063], [16.22045048085617, 1.6681138155414097]], "angular_speed": [[0.5760437383740022], [4.1702845388535295]]}