{"trajectories": [[702.4252945252945, 840.9008835758835], [335.9036164339961, 444.03587796780874]], "displacements": [[0.18393697341065762, -1.9550461392566656], [18.932610862964783, 16.09102493406718]], "speeds": [[0.4598424335266445, -4.88761534814167], [47.33152715741202, 40.227562335168]], "polars": [[18.300364571076503, 0.23023531896268737], [16.9209199602067, 1.7340185627729496]], "angular_speed": [[0.5755882974067191], [4.3350464069323795]]}