{"trajectories": [[700.186191961192, 839.0792446292446], [339.6797662990385, 455.18370522383657]], "displacements": [[1.0719261771893351, -1.3833205675310938], [17.91369348847534, 16.862862153757142]], "speeds": [[2.6798154429733407, -3.458301418827739], [44.784233721188414, 42.15715538439291]], "polars": [[18.019489204327233, 0.24574931830616042], [16.84093657587639, 1.6768222208159207]], "angular_speed": [[0.6143732957654018], [4.192055552039807]]}