{"trajectories": [[703.9925329175329, 830.7387733887734], [345.1890587539914, 443.48298739003053]], "displacements": [[0.29324871430134586, -2.195097931940037], [18.041419197643485, 16.363946018548084]], "speeds": [[0.7331217857533655, -5.487744829850101], [45.10354799410877, 40.90986504637027]], "polars": [[17.948235173591907, 0.2402682354013933], [16.614356438205476, 1.7182073461633056]], "angular_speed": [[0.600670588503484], [4.295518365408269]]}