{"trajectories": [[698.0324324324324, 830.7262993762994], [336.9186767428575, 438.2439126716086]], "displacements": [[0.750009118430171, -1.5771236823868402], [18.343844926765527, 16.313875300985064]], "speeds": [[1.8750227960754298, -3.9428092059671056], [45.85961231691388, 40.784688252462715]], "polars": [[18.027311757636706, 0.23770482401429768], [16.75425431386187, 1.6965042433098687]], "angular_speed": [[0.594262060035745], [4.241260608274678]]}