{"trajectories": [[698.7208246708246, 839.3231808731808], [338.2539614993533, 430.22873560562823]], "displacements": [[1.3171207644891856, -1.314531130320604], [17.495338864673535, 16.14799315251339]], "speeds": [[3.292801911222968, -3.2863278258015143], [43.7383471616839, 40.369982881283526]], "polars": [[17.55066935975449, 0.2644135510814458], [16.195103243535716, 1.6755828197320728]], "angular_speed": [[0.6610338777036152], [4.188957049330187]]}