{"trajectories": [[702.5376472626473, 843.4015246015246], [332.70238711253023, 449.14508629822404]], "displacements": [[1.788689499215815, -2.4469672101251048], [18.003779215481917, 16.031990111818754]], "speeds": [[4.471723748039543, -6.11741802531277], [45.009448038704846, 40.07997527954694]], "polars": [[17.974278532324576, 0.19195773060509905], [16.34849053826442, 1.652455103742744]], "angular_speed": [[0.47989432651274816], [4.131137759356865]]}