{"trajectories": [[677.0063169014085, 872.2091866197184], [354.3106762804276, 441.963313464709]], "displacements": [[0.7764065974796145, -1.282166419570052], [16.078462504519898, 14.325687483742872]], "speeds": [[1.9410164936984138, -3.205416048925755], [40.196156261290795, 35.814218709349426]], "polars": [[15.307970145637128, 0.2734819548346851], [15.22021965490264, 1.6629207682092386]], "angular_speed": [[0.683704887086712], [4.157301920523092]]}