{"trajectories": [[0.43253350000000007, 0.3284706765015806], [5.36320613209574, 1.7833422197458149]], "displacements": [[0.00287147801009373, 0.002050173035328046], [0.3990153954767396, 0.16150015851101415]], "speeds": [[0.007178695025234754, 0.005125432588319744], [0.9975384886918478, 0.40375039627753495]], "polars": [[0.3798798403895612, -0.15584118240807499], [0.2024829436954637, 1.9531019807414127]], "angular_speed": [[-0.3896029560201912], [4.882754951853526]]}