{"trajectories": [[0.31846687881981034, 0.4256695173867229], [5.395396737572392, 1.7894077438059195]], "displacements": [[0.008708383339803673, 0.000763506738394987], [0.3976862933304329, 0.1628389964481409]], "speeds": [[0.02177095834950961, 0.0019087668459872198], [0.9942157333260809, 0.4070974911203516]], "polars": [[0.3784744793305118, -0.2029932993178415], [0.20372632143532007, 1.931751028639438]], "angular_speed": [[-0.5074832482946048], [4.829377571598586]]}