{"trajectories": [[0.29997517439409904, 0.3553955953635406], [5.350419017518496, 1.7971805757972363]], "displacements": [[-0.0077883805668016205, -0.0004962353724141758], [0.3992153944496059, 0.165619215939542]], "speeds": [[-0.019470951417003377, -0.0012405884310353725], [0.9980384861240136, 0.4140480398488545]], "polars": [[0.3821723988902989, -0.229028124341412], [0.2020094515160504, 1.9701815058024754]], "angular_speed": [[-0.5725703108535278], [4.925453764506181]]}