{"trajectories": [[0.23397024341412007, 0.33695087829293996], [5.36287070799393, 1.800202777412351]], "displacements": [[0.001369385502745271, -0.003793779047196495], [0.4005682684781385, 0.16227478815394056]], "speeds": [[0.003423463756863821, -0.0094844476179913], [1.0014206711953453, 0.4056869703848514]], "polars": [[0.380132870681538, -0.23463970384338081], [0.2056776924839139, 1.9524089258873965]], "angular_speed": [[-0.5865992596084529], [4.881022314718487]]}