{"trajectories": [[0.20137966754478398, 0.38206465384615385], [5.408192749488868, 1.7970575578802717]], "displacements": [[0.0010960107592479632, 0.0022917503188952366], [0.3976215256915706, 0.16199121050566742]], "speeds": [[0.0027400268981200905, 0.00572937579723783], [0.9940538142289252, 0.40497802626416785]], "polars": [[0.3775134294553222, -0.14407027286340193], [0.20453384540064223, 1.9591151100484008]], "angular_speed": [[-0.3601756821585064], [4.897787775120996]]}