{"trajectories": [[0.24814476659641727, 0.3532184762908324], [5.3892194051585935, 1.8000808005946423]], "displacements": [[0.004920524097387832, 0.0016616005767844274], [0.39657265491692717, 0.16041793770646748]], "speeds": [[0.01230131024347022, 0.004154001441961034], [0.9914316372923166, 0.4010448442661683]], "polars": [[0.3748164519923191, -0.19132695524374685], [0.20626047889892907, 1.9425240621263373]], "angular_speed": [[-0.47831738810937], [4.8563101553158345]]}