{"trajectories": [[0.2027002502634352, 0.34573167492096946], [5.326453661856255, 1.8224789173030194]], "displacements": [[0.008783040874050246, -0.0017587027896400656], [0.39767217346876427, 0.16351519917839874]], "speeds": [[0.021957602185126376, -0.004396756974100247], [0.9941804336719094, 0.40878799794599646]], "polars": [[0.3790757782548467, -0.2051104203871111], [0.2031309112289464, 1.9361950949117168]], "angular_speed": [[-0.5127760509677788], [4.8404877372792825]]}