{"trajectories": [[0.3328209399367756, 0.33593238198103265], [5.388065622554665, 1.8014373956922782]], "displacements": [[-0.009310128112694804, -0.0004947556985192179], [0.39714928633408386, 0.16217398768055188]], "speeds": [[-0.023275320281736178, -0.0012368892462980583], [0.9928732158352082, 0.4054349692013795]], "polars": [[0.37716861772536014, -0.206624209417115], [0.20459402480937966, 1.97674858855686]], "angular_speed": [[-0.5165605235427887], [4.9418714713921394]]}