{"trajectories": [[0.2547840911485775, 0.36153894099051637], [5.420378145389796, 1.7989027857304676]], "displacements": [[7.901835727358272e-05, 0.001229174754589319], [0.39781794406086923, 0.1626356667341325]], "speeds": [[0.00019754589318449667, 0.003072936886473274], [0.9945448601521718, 0.40658916683533086]], "polars": [[0.37834624603323774, -0.204392225611447], [0.203875236205645, 1.9521335355264826]], "angular_speed": [[-0.5109805640286179], [4.880333838816198]]}