{"trajectories": [[0.32752605584826133, 0.37361645995785037], [5.415521200009185, 1.777697444171754]], "displacements": [[-0.011016267539237977, -0.006824896567023458], [0.3962276145739498, 0.16262015004382546]], "speeds": [[-0.027540668848094436, -0.017062241417558736], [0.9905690364348736, 0.4065503751095635]], "polars": [[0.3769984984281704, -0.2510314131218457], [0.20367058034431548, 1.9721116178694629]], "angular_speed": [[-0.6275785328046157], [4.93027904467365]]}