{"trajectories": [[0.3371040320121952, 0.20796616006097562], [5.402584525370333, 1.8320966867059856]], "displacements": [[-0.035236302952503205, 0.005918055198973041], [0.373151250593573, 0.1641183316603454]], "speeds": [[-0.08809075738125825, 0.014795137997432038], [0.9328781264839312, 0.41029582915086305]], "polars": [[0.3612535913958307, -0.16355930519897302], [0.1922216057919492, 2.0356942639631237]], "angular_speed": [[-0.40889826299743903], [5.089235659907801]]}