{"trajectories": [[0.14876030030487808, 0.24249049390243904], [5.353319882936097, 1.7843609267045637]], "displacements": [[0.024579427150192554, 0.008269810654685494], [0.38350958045032546, 0.15992299041100627]], "speeds": [[0.06144856787548063, 0.020674526636713538], [0.9587739511258124, 0.39980747602751543]], "polars": [[0.36914090217039053, -0.16159076540436457], [0.19251621622946374, 1.9250646276646814]], "angular_speed": [[-0.4039769135109097], [4.812661569161698]]}