{"trajectories": [[0.7713745792682927, 0.45546355487804874], [5.411029200528907, 1.6979664858990735]], "displacements": [[-0.003781477856225932, -0.003889841142490371], [0.3783982709557559, 0.16556585662886183]], "speeds": [[-0.009453694640565715, -0.009724602856225943], [0.9459956773893892, 0.4139146415721544]], "polars": [[0.36816417967957765, -0.20393931001283697], [0.18730155253843764, 1.9653273154678195]], "angular_speed": [[-0.5098482750320965], [4.913318288669549]]}