{"trajectories": [[0.6933289435975609, 0.4074774862804878], [5.402544685820138, 1.710881647952273]], "displacements": [[0.016681686456996147, -0.006761967265725289], [0.3739983004817672, 0.15965503685692825]], "speeds": [[0.04170421614249095, -0.016904918164313637], [0.9349957512044166, 0.3991375921423216]], "polars": [[0.3598247375108206, -0.2206644207317073], [0.1903013943634115, 1.9264164046434047]], "angular_speed": [[-0.5516610518292718], [4.816041011608503]]}