{"trajectories": [[0.7294051128048781, 0.31144122560975607], [5.540383235978702, 1.7442812219393424]], "displacements": [[-0.02107150192554557, 0.0003260783055198986], [0.3696195541156481, 0.15578562777372199]], "speeds": [[-0.052678754813864, 0.0008151957637997446], [0.9240488852891202, 0.3894640694343051]], "polars": [[0.3549466064574842, -0.20556956354300385], [0.18800212150472817, 2.0126840308972866]], "angular_speed": [[-0.5139239088575096], [5.031710077243215]]}