{"trajectories": [[0.728830300304878, 0.41751491158536586], [5.3094264576892165, 1.7559695958730264]], "displacements": [[-0.0028858504492939667, 0.0067105006418485234], [0.37556773898672596, 0.16234638870360613]], "speeds": [[-0.007214626123236216, 0.016776251604620908], [0.9389193474668128, 0.4058659717590143]], "polars": [[0.3625230122527275, -0.19769282092426185], [0.18983651132380353, 1.970093393965777]], "angular_speed": [[-0.49423205231066053], [4.925233484914435]]}