{"trajectories": [[0.32588234451219505, 0.4193729085365853], [5.342365174310446, 1.7246132640008773]], "displacements": [[-0.018762007381258022, -0.0030344544287548153], [0.37643343818527053, 0.16440837360375224]], "speeds": [[-0.04690501845314565, -0.007586136071887501], [0.9410835954631747, 0.41102093400937995]], "polars": [[0.364004291967916, -0.23067577182284985], [0.19129647921121182, 1.991351469389917]], "angular_speed": [[-0.5766894295571268], [4.9783786734747855]]}