{"trajectories": [[0.43438832926829274, 0.40766783384146343], [5.323344256301198, 1.7885742400277238]], "displacements": [[0.01638788831835686, 0.0028377358793324776], [0.3737186454160572, 0.1668382989418157]], "speeds": [[0.040969720795891375, 0.007094339698330965], [0.9342966135401407, 0.417095747354539]], "polars": [[0.3616731409189038, -0.16156427792041078], [0.19227532002761535, 1.9203419214091195]], "angular_speed": [[-0.4039106948010255], [4.8008548035227925]]}