{"trajectories": [[0.44761323170731704, 0.3610922652439025], [5.375506252270833, 1.782030419946077]], "displacements": [[-0.009274735237483954, -0.0027876877406931974], [0.37502234796480655, 0.15837851524254576]], "speeds": [[-0.023186838093710097, -0.006969219351733317], [0.9375558699120142, 0.39594628810636423]], "polars": [[0.3599926669048235, -0.24608988125802309], [0.19032757880792683, 1.9682995005116706]], "angular_speed": [[-0.6152247031450631], [4.920748751279171]]}