{"trajectories": [[0.6361001158536584, 0.48851525457317074], [5.199045141506549, 1.7034358521001456]], "displacements": [[-0.03246264281129653, -0.008261639922978178], [0.38043734746251623, 0.1604545909339197]], "speeds": [[-0.08115660702824219, -0.020654099807445987], [0.95109336865629, 0.40113647733479857]], "polars": [[0.3681507994749444, -0.29597805359435175], [0.18990870915931393, 2.0109387862141723]], "angular_speed": [[-0.739945133985886], [5.027346965535427]]}