{"trajectories": [[0.29777090402476786, 0.4167663142414861], [5.383122203002843, 1.7895913752776367]], "displacements": [[-0.0039048232035196377, 0.004541852696757372], [0.37589926190397943, 0.1674618747841249]], "speeds": [[-0.009762058008799047, 0.011354631741893675], [0.9397481547599469, 0.41865468696031183]], "polars": [[0.36367181943432053, -0.13343802672315466], [0.1926717893872147, 1.9493736408409685]], "angular_speed": [[-0.33359506680788714], [4.873434102102416]]}