{"trajectories": [[0.2610808343653251, 0.3654533436532508], [5.266056753068601, 1.8109583457738825]], "displacements": [[-0.017824291999348218, -0.008666724784096465], [0.37800459378228, 0.16563417876383715]], "speeds": [[-0.04456072999837037, -0.021666811960241224], [0.9450114844556989, 0.4140854469095927]], "polars": [[0.36833906948848544, -0.23270293139970666], [0.18719321966191863, 2.000229789322761]], "angular_speed": [[-0.5817573284992605], [5.000574473306897]]}