{"trajectories": [[0.4304616114551084, 0.34878586068111456], [5.396723658249394, 1.8131480192635676]], "displacements": [[-0.011163568518820274, -0.003485988267883331], [0.3727539972181564, 0.162232458502383]], "speeds": [[-0.027908921297050467, -0.008714970669707825], [0.9318849930453885, 0.40558114625595654]], "polars": [[0.35914924747582655, -0.22028809190158058], [0.19082323875164273, 1.9702004689586343]], "angular_speed": [[-0.5507202297539486], [4.925501172396574]]}