{"trajectories": [[0.6790418715170279, 0.36985726625386994], [5.388642247268452, 1.7062916221754378]], "displacements": [[-0.03683096952908587, -0.0015698517190809844], [0.37512474873834495, 0.16194239371411803]], "speeds": [[-0.09207742382271382, -0.003924629297702333], [0.9378118718458612, 0.4048559842852949]], "polars": [[0.36406091966498333, -0.2478026136548802], [0.18910988213581997, 2.02556835038925]], "angular_speed": [[-0.6195065341371976], [5.063920875973117]]}