{"trajectories": [[0.003880541795665603, 0.43115308823529414], [5.244996267402201, 1.8318930373131397]], "displacements": [[0.0029259067948509015, -0.01795565911683233], [0.3689505499143772, 0.16724167283523914]], "speeds": [[0.0073147669871284375, -0.04488914779207993], [0.9223763747859434, 0.4181041820880979]], "polars": [[0.3584092962392743, -0.3433275655857911], [0.18965238835567216, 1.8969965743628983]], "angular_speed": [[-0.8583189139644709], [4.742491435907244]]}