{"trajectories": [[0.41657076160990714, 0.31769514860681114], [5.194143610598512, 1.8734144221260303]], "displacements": [[0.019115012220954863, 0.00969721362229102], [0.37514396852608, 0.15973013423210897]], "speeds": [[0.04778753055238686, 0.024243034055727662], [0.9378599213151995, 0.3993253355802724]], "polars": [[0.35951372838127005, -0.16523168812123185], [0.19353555655988913, 1.9067424614373898]], "angular_speed": [[-0.413079220303075], [4.766856153593475]]}