{"trajectories": [[0.15261842260061925, 0.4395641439628483], [5.221583697057223, 1.8169276919366772]], "displacements": [[-0.03926166042040084, 7.972788007169577e-05], [0.3682834343963502, 0.15892127225508373]], "speeds": [[-0.0981541510510025, 0.00019931970017982758], [0.9207085859908728, 0.39730318063770886]], "polars": [[0.3532206292373358, -0.2095303470751181], [0.19407557868682876, 2.0455585422594766]], "angular_speed": [[-0.5238258676877925], [5.11389635564868]]}