{"trajectories": [[-0.007588507739938111, 0.4654446780185758], [5.346392136820196, 1.761624292433685]], "displacements": [[-0.01004632556623758, -0.012023664656998534], [0.38163722137547756, 0.16593496217956782]], "speeds": [[-0.025115813915593796, -0.030059161642495797], [0.9540930534386941, 0.4148374054489197]], "polars": [[0.3717826309063094, -0.3117935636304383], [0.18762876362189132, 1.9617727999838865]], "angular_speed": [[-0.7794839090760893], [4.904431999959721]]}