{"trajectories": [[0.6405335541795666, 0.33615054334365324], [5.164955409213879, 1.8165394130833752]], "displacements": [[-0.007041166693824342, -0.006463270327521589], [0.37709925986459636, 0.16356712364979917]], "speeds": [[-0.017602916734561453, -0.01615817581880397], [0.942748149661491, 0.4089178091244982]], "polars": [[0.3653623506835327, -0.2868103389278149], [0.1885729575634724, 1.9638883173719104]], "angular_speed": [[-0.7170258473195367], [4.909720793429783]]}