{"trajectories": [[0.34523927708978325, 0.4964595619195047], [5.2504485424545795, 1.7905672764249976]], "displacements": [[0.011464393025908426, 0.004037832817337463], [0.3693980244337078, 0.15795198424262227]], "speeds": [[0.028660982564770707, 0.010094582043343745], [0.9234950610842687, 0.3948799606065558]], "polars": [[0.3558478938127832, -0.12585181521916244], [0.18687895186999315, 1.9301499100783233]], "angular_speed": [[-0.31462953804790716], [4.825374775195809]]}