{"trajectories": [[0.25612322317262826, 0.3960541893468118], [5.311804001347829, 1.8225715757569334]], "displacements": [[-0.009203724318572484, 0.0008095084718015872], [0.3711192403680673, 0.16392470370066536]], "speeds": [[-0.023009310796431027, 0.0020237711795042814], [0.9277981009201671, 0.40981175925166313]], "polars": [[0.35779663907898845, -0.19375544200703937], [0.19148819275297513, 1.9665731614111202]], "angular_speed": [[-0.4843886050175956], [4.916432903527797]]}