{"trajectories": [[0.33510087052877136, 0.4222898013219284], [5.337807848632903, 1.8139305923702083]], "displacements": [[-0.0052595334370139964, -0.0016996946877302118], [0.37293020237931385, 0.16405407733859775]], "speeds": [[-0.013148833592534688, -0.0042492367193254455], [0.9323255059482833, 0.41013519334649423]], "polars": [[0.36011280891802755, -0.23091102152737986], [0.1906305134160566, 1.9572357484825984]], "angular_speed": [[-0.5772775538184488], [4.89308937120649]]}