{"trajectories": [[0.4205876080870917, 0.45584553188180404], [5.3131707010646805, 1.8094233476113688]], "displacements": [[-0.007134851436522877, 0.0011205394122943435], [0.3743777822719083, 0.1643576759729196]], "speeds": [[-0.017837128591306706, 0.002801348530736023], [0.9359444556797699, 0.41089418993229865]], "polars": [[0.362161949601646, -0.20120996889580098], [0.18990274743768773, 1.9672835373062665]], "angular_speed": [[-0.5030249222395003], [4.918208843265661]]}