{"trajectories": [[0.3197566022550545, 0.44364923172628307], [5.289504628963754, 1.81377915516865]], "displacements": [[-0.003779649668494719, -0.0010579418024064826], [0.3736329050817918, 0.16400365430162084]], "speeds": [[-0.009449124171236105, -0.002644854506015924], [0.9340822627044787, 0.410009135754052]], "polars": [[0.36098416592972915, -0.2243336342801015], [0.1902750202329155, 1.95725166236636]], "angular_speed": [[-0.5608340857002504], [4.8931291559158945]]}