{"trajectories": [[0.3535328417573872, 0.406655300155521], [5.354389968448362, 1.820907361979937]], "displacements": [[-0.004564131947286566, 0.00065290005729721], [0.37198949820417415, 0.16319143448282175]], "speeds": [[-0.011410329868215842, 0.0016322501432433593], [0.9299737455104342, 0.4079785862070539]], "polars": [[0.3579389123490564, -0.20297221330932308], [0.19211617232301384, 1.9608349070885527]], "angular_speed": [[-0.5074305332733039], [4.902087267721375]]}