{"trajectories": [[0.17083606726283046, 0.4166297336702955], [5.293625365641551, 1.8148503126537943]], "displacements": [[-0.010811827780960955, -0.001433671932553], [0.37279095813160384, 0.16475344501324476]], "speeds": [[-0.027029569452402223, -0.003584179831382333], [0.9319773953290089, 0.4118836125331119]], "polars": [[0.3599604887365368, -0.21938934599328802], [0.19147896409825366, 1.9730306207384583]], "angular_speed": [[-0.5484733649832173], [4.932576551846144]]}