{"trajectories": [[0.31907443195956453, 0.4171186792379471], [5.305479127553812, 1.8141901099274622]], "displacements": [[0.0003968355570107228, 0.002216628059261685], [0.3725696207976657, 0.16393232167959312]], "speeds": [[0.0009920888925271, 0.005541570148154515], [0.9314240519941634, 0.40983080419898266]], "polars": [[0.3603211232945318, -0.19792598060080216], [0.18935598078422877, 1.9493875221869927]], "angular_speed": [[-0.49481495150200183], [4.873468805467478]]}