{"trajectories": [[0.30429804510108865, 0.4316992958786936], [5.29601792140586, 1.8126523042818097]], "displacements": [[0.00032888270442825413, 0.0020737071294098393], [0.374328046994661, 0.16388519213646074]], "speeds": [[0.0008222067610709712, 0.005184267823524855], [0.9358201174866514, 0.40971298034115156]], "polars": [[0.3616377385430785, -0.21260818163215192], [0.1902692761719074, 1.9497623345478543]], "angular_speed": [[-0.5315204540803771], [4.874405836369631]]}