{"trajectories": [[0.19176519634525657, 0.43077547433903574], [5.267065487252835, 1.8280947416075666]], "displacements": [[-0.0007174244904641088, 8.835679790455931e-05], [0.37490169025129666, 0.1643369262345918]], "speeds": [[-0.0017935612261600013, 0.0002208919947617107], [0.9372542256282409, 0.41084231558647955]], "polars": [[0.3628693703272321, -0.21445784889907504], [0.1894313734856351, 1.9530330901666102]], "angular_speed": [[-0.5361446222476849], [4.882582725416523]]}