{"trajectories": [[0.27402728421461897, 0.4505740524883358], [5.287932282093766, 1.8183555393341377]], "displacements": [[-0.006261862159286242, 0.0006068085454694281], [0.3757689084105251, 0.16288888488522105]], "speeds": [[-0.015654655398215582, 0.001517021363673831], [0.939422271026312, 0.40722221221305244]], "polars": [[0.3631656936079271, -0.22078393304411884], [0.18943420881080159, 1.965880159659075]], "angular_speed": [[-0.551959832610294], [4.9147003991476845]]}