{"trajectories": [[0.5097894897959183, 0.43353557959183675], [5.346544528231065, 1.756961542823576]], "displacements": [[-0.005865925886143934, 0.0010999441460794845], [0.38109994895013116, 0.16371800394158112]], "speeds": [[-0.014664814715359688, 0.0027498603651987157], [0.9527498723753275, 0.409295009853952]], "polars": [[0.36878972550980216, -0.18233704027926959], [0.1899223873755781, 1.9772520220699048]], "angular_speed": [[-0.45584260069817384], [4.943130055174756]]}