{"trajectories": [[0.5671721020408164, 0.38101790510204087], [5.327837851683443, 1.7885552413551444]], "displacements": [[0.0023389403866809883, -0.0016725714285714289], [0.37821331139232767, 0.1606892938539276]], "speeds": [[0.0058473509667019904, -0.0041814285714287976], [0.9455332784808186, 0.4017232346348186]], "polars": [[0.3639699982288152, -0.20337875993555318], [0.1907890631044036, 1.9544595241367122]], "angular_speed": [[-0.5084468998388856], [4.886148810341778]]}