{"trajectories": [[0.421325437755102, 0.3976495392857143], [5.298208877773707, 1.7849405241733725]], "displacements": [[0.0011989914070891507, -0.00145179215896885], [0.37947770871486697, 0.16000682276197184]], "speeds": [[0.002997478517722559, -0.0036294803974222804], [0.9486942717871663, 0.40001705690492906]], "polars": [[0.36500948013174395, -0.2144982486573577], [0.1907279199191552, 1.9642511275149406]], "angular_speed": [[-0.536245621643395], [4.910627818787348]]}