{"trajectories": [[0.4462972964285714, 0.4320789357142857], [5.303287570379673, 1.7979509275631054]], "displacements": [[-0.005400914070891514, -0.0015519194414607947], [0.3799916831057496, 0.1598905763631894]], "speeds": [[-0.013502285177230263, -0.0038797986036523337], [0.9499792077643734, 0.399726440907973]], "polars": [[0.36452888088975566, -0.2144015021482277], [0.19263683179316868, 1.9717016081627685]], "angular_speed": [[-0.5360037553705728], [4.929254020406925]]}