{"trajectories": [[0.5878013867346938, 0.4791081341836735], [5.282742703891238, 1.7730443121130883]], "displacements": [[-0.00795268796992481, -0.0014153925886143941], [0.37727882656968215, 0.16070339692456742]], "speeds": [[-0.019881719924812396, -0.0035384814715363738], [0.9431970664242044, 0.40175849231141814]], "polars": [[0.36225282308503737, -0.19861551557465093], [0.19236173088725028, 1.9825260391917363]], "angular_speed": [[-0.4965387889366307], [4.956315097979337]]}