{"trajectories": [[0.2839473831632653, 0.405860343877551], [5.330545501569664, 1.7571548310740295]], "displacements": [[-0.002855708915145003, -0.0043206283566057995], [0.3784739711233817, 0.16217900649840697]], "speeds": [[-0.007139272287863061, -0.010801570891514747], [0.9461849278084536, 0.4054475162460171]], "polars": [[0.3644239270319196, -0.2098286960257787], [0.1917461897304632, 1.9615349602151193]], "angular_speed": [[-0.5245717400644493], [4.903837400537798]]}