{"trajectories": [[0.5094526168367347, 0.35707621581632654], [5.35405485615093, 1.7826577133444321]], "displacements": [[-0.00713752470461869, -0.00227419387755102], [0.37578476890450596, 0.16097558634514178]], "speeds": [[-0.017843811761547278, -0.005685484693877606], [0.939461922261264, 0.4024389658628542]], "polars": [[0.36088794135783275, -0.2379076143931257], [0.1922065085760167, 1.9718238422714764]], "angular_speed": [[-0.5947690359828147], [4.929559605678691]]}