{"trajectories": [[0.3999295704081633, 0.4328120025510204], [5.352848680690069, 1.7811808363229453]], "displacements": [[2.416756176154764e-05, 0.0035263711063372723], [0.37769834518696377, 0.15634196982148962]], "speeds": [[6.0418904403538635e-05, 0.008815927765843059], [0.9442458629674086, 0.39085492455372384]], "polars": [[0.3620191585691618, -0.18335562352309348], [0.18987737145526634, 1.9576792183603284]], "angular_speed": [[-0.4583890588077352], [4.8941980459008185]]}