{"trajectories": [[0.5667927566326532, 0.3924704520408163], [5.295185235794901, 1.7847148903353054]], "displacements": [[-0.0015834946294307202, -0.0025934688506981745], [0.3776349599929938, 0.16150109723181738]], "speeds": [[-0.00395873657357686, -0.006483672126745551], [0.9440873999824835, 0.403752743079543]], "polars": [[0.36423523124522805, -0.2087301530612245], [0.18982280493040654, 1.9638080115538008]], "angular_speed": [[-0.5218253826530633], [4.909520028884497]]}