{"trajectories": [[0.6057271301020408, 0.41908899234693886], [5.330946656961362, 1.7726399732922478]], "displacements": [[0.001325904940923738, 0.00022153651987110573], [0.3775266103074151, 0.16013871522571568]], "speeds": [[0.0033147623523083966, 0.0005538412996774717], [0.943816525768537, 0.4003467880642891]], "polars": [[0.36374766984272344, -0.19917496240601504], [0.18936786789389795, 1.9496763429672055]], "angular_speed": [[-0.49793740601504066], [4.874190857418015]]}