{"trajectories": [[0.21093544479840892, 0.43365086164078137], [5.30912841892124, 1.798699614296071]], "displacements": [[-0.003361356227212992, 0.000379582857049195], [0.3741578733503321, 0.16226889529665775]], "speeds": [[-0.008403390568032491, 0.0009489571426229874], [0.9353946833758303, 0.4056722382416443]], "polars": [[0.36107422419486823, -0.20155387428237093], [0.1896369056690876, 1.962134072002893]], "angular_speed": [[-0.5038846857059278], [4.905335180007238]]}