{"trajectories": [[0.583041425867508, 0.3159507034700315], [5.535436374147805, 1.7401335162152156]], "displacements": [[-0.007087482981902707, -0.005984683712435662], [0.3957683891597679, 0.15523868955786158]], "speeds": [[-0.01771870745475706, -0.014961709281088921], [0.9894209728994198, 0.38809672389465416]], "polars": [[0.3739282447110067, -0.20059336875311304], [0.2024731716926018, 1.9844747748919422]], "angular_speed": [[-0.5014834218827854], [4.961186937229859]]}