{"trajectories": [[0.29481485015772874, 0.4589443548895899], [5.428955508965562, 1.7913148234952083]], "displacements": [[0.01685164369915325, -0.0018912933753943225], [0.3901731441279537, 0.16803280983884805]], "speeds": [[0.04212910924788431, -0.00472823343848549], [0.975432860319885, 0.4200820245971208]], "polars": [[0.36959343887076684, -0.183365550390171], [0.21013888838267683, 1.8969326497265606]], "angular_speed": [[-0.45841387597543054], [4.742331624316398]]}