{"trajectories": [[0.20783207255520506, 0.38051019242902206], [5.54300406231191, 1.8045170605769674]], "displacements": [[-0.010844912834135812, 0.0025233770546239428], [0.3961466605648648, 0.1556752597529178]], "speeds": [[-0.02711228208533925, 0.006308442636559826], [0.9903666514121627, 0.3891881493822955]], "polars": [[0.37337631964949636, -0.17139481155570316], [0.20464864198662444, 1.9958031272385883]], "angular_speed": [[-0.4284870288892653], [4.989507818096474]]}