{"trajectories": [[0.4518965078864353, 0.2701310441640379], [5.4675711467647385, 1.7679270991615557]], "displacements": [[0.02523675742985224, 0.008956355636725885], [0.3938772058291184, 0.15864371672608765]], "speeds": [[0.06309189357463059, 0.022390889091814623], [0.9846930145727963, 0.3966092918152194]], "polars": [[0.3718528017717747, -0.08482044994188942], [0.20675997237078256, 1.9182109408425]], "angular_speed": [[-0.21205112485472738], [4.79552735210625]]}