{"trajectories": [[-0.19298610567823354, 0.13504196845425875], [5.451428946576468, 1.8112107182346162]], "displacements": [[0.010623431844595715, -0.0033554623941557376], [0.39476425821381306, 0.16389166531118574]], "speeds": [[0.026558579611490093, -0.008388655985389527], [0.9869106455345318, 0.40972916327796366]], "polars": [[0.3741295836103316, -0.2419681753279097], [0.20700354736373738, 1.9163892476140783]], "angular_speed": [[-0.6049204383197762], [4.790973119035186]]}