{"trajectories": [[0.4287578406940063, 0.4081261703470031], [5.468462034464482, 1.7441263015971722]], "displacements": [[0.016263128009297696, -0.010596790635895732], [0.4037960145509985, 0.1623161229171895]], "speeds": [[0.04065782002324434, -0.02649197658973938], [1.0094900363774941, 0.40579030729297194]], "polars": [[0.38499236350209487, -0.23015797775195088], [0.20385143236101372, 1.9158122383935516]], "angular_speed": [[-0.5753949443798761], [4.789530595983867]]}