{"trajectories": [[0.28461205047318616, 0.4642059179810726], [5.203544778867207, 1.8131896268657153]], "displacements": [[-0.002180139465382704, -0.0014936094969284412], [0.3982149266304739, 0.16386408686274745]], "speeds": [[-0.005450348663455522, -0.0037340237423215787], [0.9955373165761833, 0.4096602171568688]], "polars": [[0.37807271282879595, -0.20919494936078367], [0.20614212196047768, 1.9588896634621245]], "angular_speed": [[-0.5229873734019587], [4.897224158655298]]}