{"trajectories": [[0.9273216009463722, 0.28800083911671925], [5.352868526523136, 1.736580594283965]], "displacements": [[-0.010926337373401956, 0.006407549393989706], [0.4045022280109814, 0.15777558152354246]], "speeds": [[-0.0273158434335058, 0.016018873484973772], [1.011255570027451, 0.3944389538088554]], "polars": [[0.3827908137686765, -0.18052777685538768], [0.20529690943335754, 1.9804862358662771]], "angular_speed": [[-0.45131944213847647], [4.951215589665686]]}