{"trajectories": [[0.4965686025236593, 0.2311905914826498], [5.229234585146127, 1.8249598656863941]], "displacements": [[-0.003321323260833471, -0.0011897492943715748], [0.40622359483837533, 0.15943045405769535]], "speeds": [[-0.008303308152083183, -0.0029743732359289016], [1.0155589870959392, 0.39857613514423773]], "polars": [[0.38422532880781196, -0.25582017267142615], [0.20692757689242536, 1.960525822980332]], "angular_speed": [[-0.6395504316785652], [4.901314557450832]]}