{"trajectories": [[0.5520055252365931, 0.4854083864353313], [5.364004165148956, 1.7841308009083063]], "displacements": [[-0.015826312468869334, 0.00226031545741325], [0.40353527247799137, 0.16636895143793198]], "speeds": [[-0.03956578117217196, 0.005650788643532932], [1.008838181194979, 0.4159223785948292]], "polars": [[0.38837173019694327, -0.14534822347667276], [0.1998557592680425, 1.9975924417137487]], "angular_speed": [[-0.36337055869168294], [4.993981104284367]]}