{"trajectories": [[0.5351671595092024, 0.46450441779141105], [5.299465270099849, 1.7419710915819473]], "displacements": [[-0.0024786277042298994, -0.003903514368743946], [0.37880160681467795, 0.16196123077294491]], "speeds": [[-0.006196569260575644, -0.009758785921860138], [0.947004017036694, 0.40490307693236155]], "polars": [[0.36524542704428886, -0.22600503196641913], [0.19062858296128435, 1.9630455765161687]], "angular_speed": [[-0.5650125799160506], [4.9076139412904185]]}