{"trajectories": [[0.32387722024539883, 0.31620239570552144], [5.3348944678532675, 1.813591654374678]], "displacements": [[-0.002956831772683241, -0.0017250791088149811], [0.37677087539166443, 0.16298250812005813]], "speeds": [[-0.007392079431708692, -0.004312697772037542], [0.9419271884791597, 0.4074562703001446]], "polars": [[0.36230642483488745, -0.20704091055860507], [0.19304238853664152, 1.9683671372278702]], "angular_speed": [[-0.5176022763965119], [4.920917843069671]]}