{"trajectories": [[0.34422516625766864, 0.32865228773006133], [5.319559224353973, 1.7833934447001067]], "displacements": [[0.00047840555376170673, -0.004385270907329673], [0.3821662638971251, 0.1599514807465838]], "speeds": [[0.0011960138844039896, -0.010963177268324747], [0.9554156597428118, 0.39987870186645935]], "polars": [[0.3690720657992962, -0.2531514329996771], [0.18825726858094052, 1.9510616154700102]], "angular_speed": [[-0.6328785824991989], [4.877654038675022]]}