{"trajectories": [[0.28545017484662577, 0.3909027662576687], [5.293669963242768, 1.785640553079458]], "displacements": [[0.013095318049725541, -0.0005134291249596386], [0.3803884788880645, 0.15806046970929058]], "speeds": [[0.032738295124313574, -0.0012835728123993418], [0.95097119722016, 0.3951511742732263]], "polars": [[0.3644288379345953, -0.19611447723603487], [0.1924626717091587, 1.9392058182973284]], "angular_speed": [[-0.4902861930900895], [4.848014545743317]]}