{"trajectories": [[0.47436171533742333, 0.4076747349693252], [5.297731085464594, 1.792109553818096]], "displacements": [[-0.0012531611236680682, -0.004488473361317404], [0.3746220337311622, 0.16405652341399243]], "speeds": [[-0.003132902809170653, -0.011221183403293504], [0.9365550843279044, 0.4101413085349805]], "polars": [[0.36184128499720214, -0.2530237468517921], [0.19065364488791847, 1.9513365790626165]], "angular_speed": [[-0.6325593671294802], [4.878341447656537]]}