{"trajectories": [[0.4178130073619632, 0.4365235871165644], [5.467612689124569, 1.7567976093471818]], "displacements": [[0.012571409105586052, 0.0008793458185340657], [0.3774694642670527, 0.1606112674542163]], "speeds": [[0.031428522763964815, 0.002198364546334921], [0.943673660667631, 0.4015281686355405]], "polars": [[0.36312114500914044, -0.2002773722957701], [0.19126166189418345, 1.920787373768241]], "angular_speed": [[-0.5006934307394284], [4.8019684344206]]}