{"trajectories": [[0.1774019159509202, 0.3693319564417178], [5.282020493520974, 1.776932173125993]], "displacements": [[-0.002624285437520181, -0.006787806264126573], [0.3799555264653663, 0.16274728945675287]], "speeds": [[-0.006560713593800804, -0.016969515660316306], [0.9498888161634154, 0.40686822364188213]], "polars": [[0.36639797719851513, -0.25501370487568614], [0.191463745418988, 1.9556500026944088]], "angular_speed": [[-0.6375342621892144], [4.8891250067360215]]}