{"trajectories": [[0.4817379527607363, 0.37238509079754606], [5.329008124988674, 1.7846051421771674]], "displacements": [[-0.005799234743299968, 0.0007228104617371669], [0.3782006511402829, 0.1598228417106156]], "speeds": [[-0.014498086858250584, 0.0018070261543426587], [0.9455016278507061, 0.39955710427653846]], "polars": [[0.36445539275365496, -0.20357101646754922], [0.18917054085332896, 1.967339698536139]], "angular_speed": [[-0.5089275411688738], [4.9183492463403455]]}