{"trajectories": [[0.5252790024539877, 0.3459993515337424], [5.294535608642654, 1.7907756856850505]], "displacements": [[-0.0013709531804972546, -0.0011824371972876968], [0.37681088967851234, 0.16404590016310738]], "speeds": [[-0.0034273829512427045, -0.0029560929932194546], [0.9420272241962786, 0.4101147504077678]], "polars": [[0.36418345312452344, -0.21072782886664515], [0.19044997789782708, 1.9549601656543358]], "angular_speed": [[-0.5268195721666127], [4.887400414135829]]}