{"trajectories": [[0.5135120834355829, 0.4224625245398773], [5.312454077285453, 1.7436728604115486]], "displacements": [[0.004179057797868903, -0.0010173374233128827], [0.38233117580867504, 0.16287430866947883]], "speeds": [[0.01044764449467237, -0.002543343558282144], [0.9558279395216858, 0.40718577167369635]], "polars": [[0.36931996195409017, -0.19837895705521472], [0.1905949464743095, 1.9554026019453645]], "angular_speed": [[-0.49594739263803644], [4.888506504863404]]}