{"trajectories": [[693.8516043723554, 838.0897038081805], [341.51682106975284, 446.6932768571003]], "displacements": [[1.0589562764456981, -1.3445920867047731], [18.368493803650487, 16.375996045888428]], "speeds": [[2.6473906911142495, -3.361480216761938], [45.92123450912627, 40.93999011472112]], "polars": [[17.974860434678117, 0.24729237881374802], [16.894037993878065, 1.6651568818825928]], "angular_speed": [[0.618230947034371], [4.162892204706488]]}