{"trajectories": [[700.112341325811, 842.9451480959098], [340.08235890519785, 447.1468996127555]], "displacements": [[1.1771249350456536, -1.8793742112686511], [18.480329383585296, 16.115527273258014]], "speeds": [[2.9428123376141384, -4.698435528171634], [46.2008234589633, 40.288818183145096]], "polars": [[17.938983049098088, 0.22743543486006976], [16.86248353961505, 1.6707192207582848]], "angular_speed": [[0.5685885871501752], [4.176798051895718]]}