{"trajectories": [[692.2445662905501, 836.9939315937941], [338.54551599758133, 448.1166605787043]], "displacements": [[1.0721030361517334, -1.6921015514809592], [18.181201510399113, 16.394973007019683]], "speeds": [[2.680257590379337, -4.230253878702403], [45.45300377599784, 40.98743251754926]], "polars": [[17.99561687474528, 0.2223881848415114], [16.718899908207952, 1.6764839349792529]], "angular_speed": [[0.5559704621037792], [4.191209837448138]]}