{"trajectories": [[692.5573765867418, 839.2275211565585], [337.91407842576837, 448.031891553181]], "displacements": [[0.9157560685917898, -1.9024979585776853], [18.288441130061937, 16.313405871123425]], "speeds": [[2.2893901714794773, -4.75624489644422], [45.72110282515491, 40.78351467780862]], "polars": [[18.003664007923927, 0.2237759484819241], [16.760682564653653, 1.6856309318500935]], "angular_speed": [[0.559439871204811], [4.21407732962524]]}