{"trajectories": [[690.7477715091678, 846.4292700987306], [334.887861131328, 452.8266166989355]], "displacements": [[1.2840583475614282, -1.4799235394551258], [18.151089163579833, 16.491116454933074]], "speeds": [[3.2101458689035747, -3.6998088486378187], [45.377722908949636, 41.227791137332744]], "polars": [[17.99464429922451, 0.24118351050404574], [16.776492953575012, 1.6718783294487078]], "angular_speed": [[0.6029587762601152], [4.179695823621775]]}