{"trajectories": [[698.6214210155148, 834.0081664315938], [337.82587410420666, 450.39286607192804]], "displacements": [[1.2095204513399154, -1.507917006903719], [18.021911979860846, 16.579041666236247]], "speeds": [[3.0238011283497928, -3.7697925172593023], [45.054779949652186, 41.44760416559067]], "polars": [[17.911949426948524, 0.2433363070299161], [16.80930561114905, 1.6691209475962512]], "angular_speed": [[0.6083407675747912], [4.1728023689906335]]}