{"trajectories": [[692.895437235543, 845.0924083215797], [337.2797336979859, 451.3024908374537]], "displacements": [[1.1234912033256625, -1.7419196793111127], [18.303053058408178, 16.564426372932243]], "speeds": [[2.80872800831416, -4.354799198277787], [45.7576326460205, 41.41106593233065]], "polars": [[18.04583949931144, 0.22902031979808482], [16.971333646517305, 1.6705980821307622]], "angular_speed": [[0.5725507994952127], [4.176495205326912]]}