{"trajectories": [[700.3846791255289, 836.2172884344146], [337.6138893455401, 447.4740287061181]], "displacements": [[0.9944027911810556, -1.426657263751763], [18.3472028419756, 16.339960611147568]], "speeds": [[2.4860069779526426, -3.566643159379412], [45.86800710493907, 40.84990152786897]], "polars": [[17.98630530392004, 0.2585493440724519], [16.82650214013458, 1.681066222289128]], "angular_speed": [[0.6463733601811307], [4.2026655557228265]]}