{"trajectories": [[697.3515973201693, 837.9073695345558], [337.0628199039809, 448.85676012824706]], "displacements": [[1.0560611684358994, -1.8408247346150992], [18.04073865592123, 16.309175901191107]], "speeds": [[2.640152921089751, -4.602061836537754], [45.10184663980314, 40.77293975297782]], "polars": [[17.888019176540354, 0.2333705177789325], [16.612650019247884, 1.675582834808309]], "angular_speed": [[0.5834262944473321], [4.188957087020778]]}