{"trajectories": [[695.588811706629, 836.6241043723554], [337.1642332326585, 450.24960437266134]], "displacements": [[1.1558941429737957, -1.676163610719323], [18.164062507215156, 16.293189599584043]], "speeds": [[2.889735357434492, -4.190409026798313], [45.41015626803796, 40.73297399896016]], "polars": [[17.84320685209252, 0.22188830331823917], [16.76802847824133, 1.6668448792968786]], "angular_speed": [[0.5547207582955986], [4.167112198242203]]}