{"trajectories": [[0.4398883906386702, 0.376636364391951], [5.319709933206034, 1.7698456602303836]], "displacements": [[-0.014533206243956348, -0.0009146645485103835], [0.378618718439923, 0.16116686728382915]], "speeds": [[-0.036333015609891425, -0.0022866613712761883], [0.9465467960998066, 0.40291716820957274]], "polars": [[0.3648937207393548, -0.20478312888520514], [0.19076560571321166, 1.99002048540624]], "angular_speed": [[-0.5119578222130148], [4.975051213515599]]}