{"trajectories": [[0.44926958573928255, 0.4065561509186351], [5.325172279662057, 1.7814951334277838]], "displacements": [[-0.0005108297647004642, -3.483492195054527e-05], [0.37844078695969796, 0.1619066119843809]], "speeds": [[-0.0012770744117511534, -8.708730487653854e-05], [0.946101967399244, 0.40476652996095197]], "polars": [[0.36451659300502337, -0.19281935350186488], [0.19120433003325732, 1.9611921566647736]], "angular_speed": [[-0.48204838375466325], [4.902980391661929]]}