{"trajectories": [[0.5482053692038495, 0.40050180314960626], [5.294357317877535, 1.7855810795524565]], "displacements": [[-0.0014520030390937984, -0.0036713178615830912], [0.37912033998801276, 0.16173821141675793]], "speeds": [[-0.003630007597734915, -0.00917829465395787], [0.9478008499700314, 0.40434552854189454]], "polars": [[0.36474570356548747, -0.22740143343924113], [0.19200947852411387, 1.9570117550184989]], "angular_speed": [[-0.5685035835981047], [4.8925293875462454]]}