{"trajectories": [[0.451389480752406, 0.3611543722659667], [5.325108758763865, 1.781191788331323]], "displacements": [[-0.002998545839664779, -0.0015716613712759583], [0.3777049064835422, 0.1628809680353867]], "speeds": [[-0.007496364599162789, -0.003929153428190076], [0.9442622662088548, 0.40720242008846647]], "polars": [[0.36542316029259786, -0.21228951236358612], [0.18886127567152275, 1.9628684820551412]], "angular_speed": [[-0.5307237809089664], [4.907171205137852]]}