{"trajectories": [[0.5870579317585302, 0.40050011373578304], [5.318253766029826, 1.7681480912229939]], "displacements": [[-0.0016928171478565175, -0.0007334074688032425], [0.37888813118221376, 0.16078616251937888]], "speeds": [[-0.004232042869642124, -0.0018335186720083193], [0.9472203279555338, 0.4019654062984469]], "polars": [[0.3646618309513626, -0.21027438642538107], [0.19087576737781492, 1.9569122576424418]], "angular_speed": [[-0.5256859660634555], [4.892280644106104]]}