{"trajectories": [[0.3952016618547681, 0.38092599037620295], [5.32718143192107, 1.7675966364299946]], "displacements": [[-0.011412978311921534, -0.007422229589722337], [0.38059269544338814, 0.16074098347203603]], "speeds": [[-0.02853244577980437, -0.018555573974306107], [0.9514817386084695, 0.40185245868008973]], "polars": [[0.3662708255618088, -0.2732083432334116], [0.19162330625663196, 1.9735149394698108]], "angular_speed": [[-0.6830208580835309], [4.9337873486745245]]}