{"trajectories": [[0.4964555271216098, 0.4458620787401575], [5.3160741954904545, 1.7751013477287578]], "displacements": [[0.0028945282497582535, 0.0006279122346548786], [0.37847147473360293, 0.16120234165457206]], "speeds": [[0.007236320624395018, 0.0015697805866369467], [0.9461786868340067, 0.40300585413643025]], "polars": [[0.36334304680494744, -0.19334181839112213], [0.1929182600170508, 1.955057102039607]], "angular_speed": [[-0.4833545459778078], [4.887642755099017]]}