{"trajectories": [[0.6002072825896763, 0.4057809028871392], [5.243719605215353, 1.7893393960867245]], "displacements": [[-0.0017773799327715624, -0.003585567988211999], [0.37997087100669874, 0.16353435344888934]], "speeds": [[-0.004443449831929161, -0.008963919970530226], [0.9499271775167458, 0.4088358836222228]], "polars": [[0.3676814447036043, -0.23488312888520518], [0.18959883483141293, 1.9591327664600102]], "angular_speed": [[-0.5872078222130142], [4.897831916150021]]}