{"trajectories": [[0.366666053368329, 0.4160442650918635], [5.370086078713369, 1.7699900955753054]], "displacements": [[0.0012846106736657933, -0.00012104618501634565], [0.377843042250236, 0.15993830821467825]], "speeds": [[0.0032115266841640988, -0.0003026154625409255], [0.9446076056255888, 0.39984577053669496]], "polars": [[0.36304033352144754, -0.19179174978127733], [0.1911779488457938, 1.9620103886122056]], "angular_speed": [[-0.4794793744531932], [4.90502597153051]]}