{"trajectories": [[0.40948314523184604, 0.4049139680664917], [5.266211195783366, 1.7772879031518998]], "displacements": [[0.0016262959893171267, -0.0007719256803425893], [0.3790827336483049, 0.16380287372337607]], "speeds": [[0.0040657399732923075, -0.001929814200856685], [0.9477068341207611, 0.40950718430843985]], "polars": [[0.3666450981014357, -0.18833932265045816], [0.19002555916612207, 1.9568078291791013]], "angular_speed": [[-0.4708483066261471], [4.892019572947752]]}