{"trajectories": [[696.2597267952336, 840.1141580432737], [338.1102236077783, 450.13212016982396]], "displacements": [[1.1084773316169068, -1.5944818537406547], [18.23626243073582, 16.325406362630474]], "speeds": [[2.771193329042271, -3.9862046343516413], [45.59065607683961, 40.81351590657624]], "polars": [[17.93443244764549, 0.23744685827928236], [16.76923932398663, 1.6714464753094525]], "angular_speed": [[0.5936171456982066], [4.1786161882736375]]}