{"trajectories": [[695.5841721542804, 839.6150301818752], [337.7094286571402, 450.652663011758]], "displacements": [[1.069407997887475, -1.5313928636266112], [18.279345699656584, 16.326714529374332]], "speeds": [[2.6735199947186916, -3.828482159066533], [45.69836424914153, 40.816786323435885]], "polars": [[17.947431845946234, 0.2401776195722137], [16.795075892506823, 1.6738926816296456]], "angular_speed": [[0.600444048930535], [4.184731704074119]]}