{"trajectories": [[695.8806542019441, 839.733913452493], [337.46311041596084, 450.5736394577946]], "displacements": [[1.0697917182419832, -1.6703120100344935], [18.186050798654087, 16.378331128477853]], "speeds": [[2.674479295604962, -4.1757800250862385], [45.46512699663526, 40.94582782119468]], "polars": [[17.933874771906563, 0.234036102185143], [16.771783041828055, 1.6747541357641877]], "angular_speed": [[0.5850902554628585], [4.186885339410475]]}