{"trajectories": [[697.6584332862966, 841.1234811069301], [337.5111885765814, 450.3777890356514]], "displacements": [[1.0181008730669572, -1.5674790810516412], [18.254901889654157, 16.413200198144533]], "speeds": [[2.545252182667396, -3.9186977026291085], [45.63725472413545, 41.0330004953614]], "polars": [[17.964656121122893, 0.23763181520357812], [16.834465665780623, 1.6740970212441348]], "angular_speed": [[0.5940795380089456], [4.185242553110343]]}