{"trajectories": [[696.3880017246786, 841.3825729068674], [337.9584064600179, 449.74659093016476]], "displacements": [[1.0983582545262498, -1.600318116551963], [18.250359445244687, 16.393596772027646]], "speeds": [[2.745895636315628, -4.000795291379912], [45.62589861311177, 40.98399193006917]], "polars": [[17.96458242784, 0.24012830428611504], [16.818645074061703, 1.6706158127069775]], "angular_speed": [[0.6003207607152886], [4.176539531767449]]}