{"trajectories": [[696.8839742082157, 838.1050231263719], [338.1973719726017, 449.24076294689087]], "displacements": [[1.052134392896635, -1.6130138964532685], [18.240963604986135, 16.383357359064917]], "speeds": [[2.63033598224159, -4.032534741133176], [45.6024090124654, 40.95839339766235]], "polars": [[17.944329645628617, 0.23884319610173124], [16.818352647424675, 1.6747781394825485]], "angular_speed": [[0.597107990254329], [4.186945348706377]]}