{"trajectories": [[696.2884858105989, 838.988789589213], [338.2326048929186, 449.48665490053344]], "displacements": [[1.1151738707068706, -1.4938398442012841], [18.265561117798068, 16.358889913798997]], "speeds": [[2.7879346767671804, -3.734599610503215], [45.66390279449523, 40.89722478449755]], "polars": [[17.957097390062902, 0.24614751778316904], [16.80064956261031, 1.6700758184836468]], "angular_speed": [[0.6153687944579236], [4.175189546209123]]}