{"trajectories": [[696.0283258858576, 839.828582627783], [338.04470521634835, 448.95601310531066]], "displacements": [[1.0700124605964583, -1.60765006354079], [18.270668781906224, 16.361223128053386]], "speeds": [[2.6750311514911482, -4.01912515885198], [45.676671954765624, 40.90305782013352]], "polars": [[17.985427875053183, 0.2368446204881913], [16.785732320276228, 1.674257599826322]], "angular_speed": [[0.5921115512204793], [4.185643999565811]]}