{"trajectories": [[696.5462821417373, 839.677520382565], [337.6593839552495, 450.61261476319424]], "displacements": [[1.162070274463204, -1.5718217226980904], [18.210905254554785, 16.36873843964862]], "speeds": [[2.9051756861580147, -3.929554306745231], [45.52726313638702, 40.92184609912161]], "polars": [[17.944601076285473, 0.24105130980673697], [16.774534013191314, 1.6674067267783395]], "angular_speed": [[0.602628274516843], [4.168516816945853]]}