{"trajectories": [[696.2573671213546, 838.1980460175604], [337.8278988928491, 449.66564668245417]], "displacements": [[1.0899886121701243, -1.5868445808783482], [18.208073089087062, 16.371648273416174]], "speeds": [[2.7249715304253144, -3.967111452195876], [45.520182722717706, 40.92912068354048]], "polars": [[17.933475865812586, 0.23791891427769804], [16.782770542280204, 1.6710880077659334]], "angular_speed": [[0.5947972856942456], [4.177720019414839]]}