{"trajectories": [[0.4187479762633997, 0.4035024513782542], [5.326929486125351, 1.7752682819238872]], "displacements": [[-0.00619935318771661, -0.0003351575723381965], [0.3781646178698652, 0.16040188852848658]], "speeds": [[-0.015498382969291801, -0.0008378939308456061], [0.9454115446746619, 0.40100472132121606]], "polars": [[0.3636306849519396, -0.1951513282824212], [0.19117665475704335, 1.9760511745225195]], "angular_speed": [[-0.4878783207060542], [4.940127936306296]]}