{"trajectories": [[0.4924738460949464, 0.3882148361408882], [5.285475039799426, 1.7707382525256583]], "displacements": [[0.002193099459982268, -0.00046703715644394266], [0.3809618646704625, 0.1623747801518987]], "speeds": [[0.0054827486499550914, -0.0011675928911100745], [0.9524046616761556, 0.40593695037974636]], "polars": [[0.3679195917977728, -0.19936718505682274], [0.19009921973243438, 1.9544250308987938]], "angular_speed": [[-0.49841796264205834], [4.886062577246983]]}