{"trajectories": [[0.5281593985451761, 0.41092215428790196], [5.330079552982812, 1.7610043801108146]], "displacements": [[-0.010917198758765215, -0.0031674381397598134], [0.3796382246595726, 0.16110193235917145]], "speeds": [[-0.02729299689691385, -0.00791859534939988], [0.9490955616489308, 0.40275483089792824]], "polars": [[0.3656313232484398, -0.20938493149028775], [0.19110721489581092, 1.9883274044291737]], "angular_speed": [[-0.5234623287257221], [4.970818511072934]]}