{"trajectories": [[0.47636305704441034, 0.4082439088820827], [5.29652053428351, 1.7735160133557166]], "displacements": [[0.005577508664463611, 0.0008788712017409526], [0.3792241031952699, 0.1601324225393559]], "speeds": [[0.013943771661158365, 0.0021971780043520627], [0.9480602579881744, 0.4003310563483895]], "polars": [[0.36468273718210253, -0.1854736447166922], [0.1910279964074389, 1.9467582194329331]], "angular_speed": [[-0.4636841117917342], [4.866895548582331]]}