{"trajectories": [[0.32992976761102605, 0.3903289640122512], [5.28748697019397, 1.7950741773125831]], "displacements": [[0.0036053171596679297, -0.0007336854195212376], [0.3788340359044817, 0.1630833007666712]], "speeds": [[0.009013292899169075, -0.0018342135488033503], [0.9470850897612033, 0.40770825191667753]], "polars": [[0.365715989097617, -0.19657922140727013], [0.19072687716496325, 1.9450709722932635]], "angular_speed": [[-0.4914480535181774], [4.8626774307331555]]}