{"trajectories": [[0.3523981290199081, 0.41396552871362946], [5.322652654223343, 1.7642187335382657]], "displacements": [[-0.008716710727814946, -0.0019333126460868869], [0.37911215884175054, 0.16121280939410118]], "speeds": [[-0.021791776819538013, -0.004833281615217335], [0.9477803971043751, 0.4030320234852524]], "polars": [[0.3657098353810469, -0.21185519948416215], [0.18987267824428822, 1.977877888710431]], "angular_speed": [[-0.5296379987104071], [4.944694721776074]]}