{"trajectories": [[0.4378278713629404, 0.39950380742725883], [5.331168687858482, 1.7771097352867935]], "displacements": [[0.004535662932215684, -0.0011465592004513575], [0.37786809621135475, 0.1615749810419402]], "speeds": [[0.011339157330538316, -0.0028663980011285695], [0.9446702405283857, 0.40393745260485014]], "polars": [[0.36375919408270013, -0.2036035955508987], [0.19129011524288536, 1.9467886223142545]], "angular_speed": [[-0.509008988877248], [4.866971555785635]]}