{"trajectories": [[0.40922540581929556, 0.42288525344563554], [5.3464133023533895, 1.766581088931311]], "displacements": [[0.0013919360038687828, 0.001988281615217215], [0.3783784951150572, 0.16182134228259287]], "speeds": [[0.003479840009671501, 0.004970704038042844], [0.9459462377876419, 0.4045533557064819]], "polars": [[0.3636496795188062, -0.17851324494237125], [0.19266871494657684, 1.9524705387616264]], "angular_speed": [[-0.4462831123559289], [4.881176346904063]]}