{"trajectories": [[0.39050983728943345, 0.4197442036753446], [5.317296607548796, 1.7579198234673243]], "displacements": [[-0.004324508745063272, -0.0010015257515918435], [0.3780002000408206, 0.16255811888687918]], "speeds": [[-0.010811271862658383, -0.0025038143789798723], [0.9450005001020502, 0.40639529721719747]], "polars": [[0.36467014522633645, -0.20230549286692995], [0.1906428148587327, 1.967544402065941]], "angular_speed": [[-0.5057637321673268], [4.918861005164847]]}