{"trajectories": [[0.4355110719754976, 0.42664371975497695], [5.3572906944885315, 1.7772348219689864]], "displacements": [[0.0007971641009107757, 0.00016941081647457105], [0.3779388443967235, 0.16096563261890226]], "speeds": [[0.0019929102522767096, 0.00042352704118627123], [0.9448471109918077, 0.4024140815472552]], "polars": [[0.3631598461473135, -0.19149123438381557], [0.19199816484857943, 1.959481605922916]], "angular_speed": [[-0.47872808595954053], [4.898704014807286]]}