{"trajectories": [[0.4958150877144193, 0.37948801808644916], [5.2940340567575825, 1.778060546046163]], "displacements": [[-0.0004615103113608487, -0.00019076406822997463], [0.3789514733524005, 0.16005158178714143]], "speeds": [[-0.001153775778402105, -0.0004769101705749256], [0.9473786833810012, 0.40012895446785357]], "polars": [[0.3648305891291024, -0.2030748306914745], [0.19005162090056055, 1.9605140138486217]], "angular_speed": [[-0.5076870767286873], [4.901285034621562]]}