{"trajectories": [[696.2243688639551, 835.3753330995793], [338.47317157701985, 452.68249099967744]], "displacements": [[0.6570550675426293, -1.9513637705765114], [18.04438144262642, 16.334299807787872]], "speeds": [[1.6426376688565756, -4.878409426441285], [45.11095360656611, 40.835749519469736]], "polars": [[17.929963508303967, 0.2502081890824537], [16.588098214547976, 1.6949865100031556]], "angular_speed": [[0.625520472706135], [4.237466275007894]]}