{"trajectories": [[698.3298650070126, 845.6405680224404], [343.9629809967854, 452.87040812521394]], "displacements": [[1.4287111537609802, -1.6875784306488522], [18.42650107164459, 16.138568006434948]], "speeds": [[3.571777884402455, -4.218946076622136], [46.066252679111535, 40.34642001608742]], "polars": [[17.909748545212015, 0.2387438443935927], [16.855840608210354, 1.6616531302695363]], "angular_speed": [[0.5968596109839823], [4.154132825673846]]}