{"trajectories": [[698.0635781907433, 836.5412166900421], [338.49363043502865, 450.2375506333772]], "displacements": [[0.5698401860190448, -1.5641193622204177], [18.166883147982976, 16.505471045419]], "speeds": [[1.4246004650476136, -3.9102984055510497], [45.41720786995751, 41.26367761354755]], "polars": [[17.93899123024456, 0.2526046392190153], [16.835379372075835, 1.6882029402279675]], "angular_speed": [[0.631511598047539], [4.220507350569924]]}