{"trajectories": [[699.2470546984572, 833.8120003506311], [341.2835585404531, 448.8565407899875]], "displacements": [[0.9661087325607145, -1.8101886026426515], [18.12841019185465, 16.648050890454982]], "speeds": [[2.41527183140179, -4.525471506606634], [45.321025479636674, 41.620127226137505]], "polars": [[18.12790180898043, 0.21495473333579387], [16.774569425161108, 1.6799731585700755]], "angular_speed": [[0.5373868333394853], [4.199932896425194]]}