{"trajectories": [[696.5946090462833, 850.9346248246844], [338.9702516557738, 451.6341438000478]], "displacements": [[1.389348195172363, -2.130397874068059], [18.65418929290626, 16.358665837116217]], "speeds": [[3.4733704879309113, -5.325994685170155], [46.63547323226572, 40.89666459279059]], "polars": [[18.120234602024063, 0.2412843332472134], [17.1379901862174, 1.6731614011727687]], "angular_speed": [[0.6032108331180343], [4.182903502931927]]}