{"trajectories": [[694.6317847124825, 830.2546633941093], [342.8170921200106, 450.8048626213291]], "displacements": [[1.15445301542777, -1.5268694175832287], [18.028586829742654, 16.328666178072904]], "speeds": [[2.8861325385694294, -3.817173543958077], [45.0714670743567, 40.82166544518232]], "polars": [[17.739726845027374, 0.2273852841957629], [16.751760077063803, 1.657216429510438]], "angular_speed": [[0.568463210489408], [4.143041073776101]]}