{"trajectories": [[703.3968793828892, 840.3764025245442], [341.3400734441522, 448.13536290102104]], "displacements": [[0.9640695356905588, -1.9128127998818927], [18.385016736357333, 16.704425131232625]], "speeds": [[2.4101738392264003, -4.782031999704738], [45.96254184089339, 41.76106282808162]], "polars": [[18.237106430608016, 0.19516022698752492], [17.001261461338974, 1.6730895531139869]], "angular_speed": [[0.4879005674688129], [4.182723882784972]]}