{"trajectories": [[693.3741497194951, 841.5641304347826], [336.5782840609795, 450.6258282894013]], "displacements": [[1.1531058536945449, -2.115145419650107], [17.723479989994203, 16.482124514485395]], "speeds": [[2.882764634236366, -5.287863549125274], [44.308699974985565, 41.205311286213544]], "polars": [[17.69559550378484, 0.19749317764080604], [16.686868025164177, 1.6682249012122474]], "angular_speed": [[0.4937329441020158], [4.170562253030624]]}