{"trajectories": [[701.2379908835904, 843.990427769986], [337.12761245897497, 452.98812977641074]], "displacements": [[0.2360762530449546, -1.8380453236879013], [18.62567452581353, 16.40208115280101]], "speeds": [[0.5901906326123871, -4.59511330921976], [46.56418631453389, 41.005202882002585]], "polars": [[18.054124528325723, 0.23471184302797668], [17.129703669634786, 1.708812428052383]], "angular_speed": [[0.5867796075699424], [4.272031070130963]]}