{"trajectories": [[692.1848790322581, 840.2304172510519], [343.3242916839871, 446.51795545014437]], "displacements": [[1.326557540414852, -1.871835092640437], [18.29063828072676, 16.124427596867147]], "speeds": [[3.3163938510371342, -4.6795877316010985], [45.72659570181696, 40.311068992167925]], "polars": [[17.941430013961998, 0.23769834871189197], [16.6707295766914, 1.6655421953161615]], "angular_speed": [[0.5942458717797305], [4.16385548829041]]}