{"trajectories": [[698.6549531615925, 832.7980444964871], [340.6172670566664, 449.66851212284234]], "displacements": [[1.0774559349192654, -1.8472328361888328], [17.604225477893266, 16.539114730918385]], "speeds": [[2.693639837298167, -4.618082090472088], [44.01056369473322, 41.34778682729602]], "polars": [[17.65962439752199, 0.22830810920744482], [16.618120150613336, 1.672678406460729]], "angular_speed": [[0.5707702730186127], [4.181696016151829]]}