{"trajectories": [[690.2925, 841.0579976580797], [339.52727449475145, 449.7647850948841]], "displacements": [[0.9412979169234562, -1.0670035745100457], [18.404334614931944, 16.458350621236736]], "speeds": [[2.3532447923086433, -2.6675089362751176], [46.01083653732992, 41.145876553091895]], "polars": [[18.098387605073427, 0.25281492703069147], [16.854368640886314, 1.6688306060664158]], "angular_speed": [[0.6320373175767294], [4.1720765151660455]]}