{"trajectories": [[699.5870901639345, 836.8918559718969], [341.95399114659836, 447.03641880317537]], "displacements": [[1.2745593491926537, -1.4591026747195859], [18.56104230012587, 15.91668218047035]], "speeds": [[3.1863983729816385, -3.6477566867989695], [46.40260575031475, 39.79170545117592]], "polars": [[17.968216556725007, 0.2586012312338222], [16.69580003539171, 1.6817298350770125]], "angular_speed": [[0.6465030780845565], [4.204324587692538]]}