{"trajectories": [[698.2265456674473, 842.3040046838407], [343.8456665860251, 448.5304368753972]], "displacements": [[1.1572353013681744, -1.5337113274990755], [18.27700171771755, 16.26764931976105]], "speeds": [[2.89308825342044, -3.834278318747694], [45.69250429429393, 40.669123299402685]], "polars": [[17.91111095044744, 0.2422863959078023], [16.780011164470835, 1.662293934133339]], "angular_speed": [[0.6057159897695065], [4.1557348353333525]]}