{"trajectories": [[694.5717037470725, 842.7321370023419], [338.7136651473022, 449.53528682550393]], "displacements": [[1.5817206951805745, -1.5093800073955381], [18.232765346494745, 16.230843836753525]], "speeds": [[3.954301737951441, -3.77345001848885], [45.581913366236925, 40.57710959188387]], "polars": [[17.848923382379564, 0.23668092357944043], [16.794940496698743, 1.6490937740802714]], "angular_speed": [[0.5917023089486018], [4.122734435200684]]}