{"trajectories": [[694.0165866510539, 841.2521135831382], [335.0795939691869, 445.47772745348925]], "displacements": [[1.372673486996179, -1.8431652902748674], [17.934289070958965, 16.81396986393753]], "speeds": [[3.4316837174904524, -4.607913225687175], [44.83572267739748, 42.03492465984388]], "polars": [[18.035655987619418, 0.20727190472081844], [16.862529790975664, 1.652377204875151]], "angular_speed": [[0.5181797618020468], [4.130943012187883]]}