{"trajectories": [[693.6624414519906, 844.2181674473068], [335.26852784658155, 452.6991331919883]], "displacements": [[0.52818932577345, -1.672698138789597], [18.369229609937783, 16.4804170312583]], "speeds": [[1.3204733144336265, -4.181745346973998], [45.92307402484452, 41.2010425781458]], "polars": [[18.071417989651515, 0.24114187969924814], [16.897736441827774, 1.692471808505496]], "angular_speed": [[0.602854699248121], [4.231179521263745]]}