{"trajectories": [[703.6522131147541, 842.1052049180328], [337.93304974658395, 450.6527688132716]], "displacements": [[0.9511956119807716, -1.3364415136201158], [18.208842803183753, 16.257028142209084]], "speeds": [[2.3779890299519324, -3.341103784050293], [45.52210700795944, 40.642570355522764]], "polars": [[17.78345038063261, 0.2559926287439911], [16.801567242932773, 1.6563012291817019]], "angular_speed": [[0.6399815718599786], [4.14075307295426]]}