{"trajectories": [[698.1971779859484, 842.5713817330211], [337.4223125908997, 452.00585940479147]], "displacements": [[0.9660976211019352, -1.513244176013805], [18.30009759710148, 16.62784772882075]], "speeds": [[2.415244052754841, -3.7831104400345175], [45.75024399275377, 41.569619322051935]], "polars": [[18.076863216295113, 0.2628803059287564], [16.9655286084868, 1.680396957618297]], "angular_speed": [[0.6572007648218917], [4.200992394045748]]}