{"trajectories": [[694.5361826697892, 835.8031908665106], [337.6188915092418, 449.8438871464747]], "displacements": [[0.7466596819918649, -1.4841057561937632], [18.29167190107141, 16.044828598876315]], "speeds": [[1.8666492049796648, -3.710264390484413], [45.72917975267859, 40.11207149719084]], "polars": [[17.732707713801073, 0.265888340687785], [16.743145863813773, 1.6790052397642643]], "angular_speed": [[0.6647208517194635], [4.197513099410666]]}