{"trajectories": [[0.3459483255693582, 0.4183888188405797], [5.315609657076146, 1.8162422985793247]], "displacements": [[0.001000658711997383, 0.00027015636918382947], [0.37316435398204106, 0.16319875957320082]], "speeds": [[0.002501646779993358, 0.0006753909229599522], [0.9329108849551032, 0.4079968989330022]], "polars": [[0.3596886563143899, -0.2191568366568595], [0.1910775105294599, 1.9447543350223877]], "angular_speed": [[-0.5478920916421455], [4.861885837555974]]}