{"trajectories": [[0.30549021790890263, 0.41453460093167704], [5.29085814679619, 1.8083113045463466]], "displacements": [[-0.010593722349351641, -0.002674909011659584], [0.3751098093714255, 0.16324245850915173]], "speeds": [[-0.0264843058733781, -0.006687272529148539], [0.9377745234285628, 0.4081061462728791]], "polars": [[0.36188974493379744, -0.20504181050452222], [0.1910776385398515, 1.9757127307274873]], "angular_speed": [[-0.5126045262612999], [4.939281826818712]]}