{"trajectories": [[0.2766554658385093, 0.42130963198757765], [5.318360339598325, 1.8125710307094982]], "displacements": [[-0.009905822708946282, 0.0021072305764411035], [0.3749793170133917, 0.1615090710130932]], "speeds": [[-0.02476455677236548, 0.005268076441103136], [0.9374482925334778, 0.4037726775327325]], "polars": [[0.3613006202766965, -0.19366157022992264], [0.1904182127299272, 1.9761108403540142]], "angular_speed": [[-0.48415392557480175], [4.940277100885028]]}