{"trajectories": [[0.20902031677018634, 0.46762559886128374], [5.297264224872188, 1.8362012763366677]], "displacements": [[-0.013224538520213575, 0.0011225553012967203], [0.37092864289060895, 0.1646946078894268]], "speeds": [[-0.03306134630053368, 0.0028063882532420384], [0.9273216072265212, 0.41173651972356673]], "polars": [[0.3585148927162461, -0.1826113452108532], [0.19067142479841231, 1.9792728675333837]], "angular_speed": [[-0.45652836302712896], [4.948182168833454]]}