{"trajectories": [[0.3959117391304348, 0.45586861801242234], [5.29048204537012, 1.836700000862607]], "displacements": [[-0.00666180832516073, 0.0026762280701754394], [0.3704259081556748, 0.16196146249835666]], "speeds": [[-0.016654520812901294, 0.006690570175438784], [0.9260647703891851, 0.40490365624589136]], "polars": [[0.3563513769513033, -0.2017339223057644], [0.1910814140603893, 1.9713766077304034]], "angular_speed": [[-0.5043348057644089], [4.9284415193259985]]}