{"trajectories": [[0.1035224937888199, 0.3924176894409938], [5.294673988654878, 1.8180050462820363]], "displacements": [[0.0047130745341614905, -0.0023028266317968826], [0.3726820613187899, 0.16585623881993392]], "speeds": [[0.011782686335404096, -0.005757066579492091], [0.9317051532969737, 0.4146405970498342]], "polars": [[0.3609045479375998, -0.23385096382259998], [0.19019893307885466, 1.9389548382330428]], "angular_speed": [[-0.5846274095564981], [4.847387095582601]]}