{"trajectories": [[0.2498658291925466, 0.45475562681159426], [5.274864428713918, 1.8241206321120327]], "displacements": [[0.0027354767353165517, -0.0035394350005448403], [0.37014777422420025, 0.16299083619343727]], "speeds": [[0.0068386918382914025, -0.008848587501361707], [0.9253694355604992, 0.40747709048359265]], "polars": [[0.3566368160828061, -0.25346009970578626], [0.1908024614452776, 1.9303139203094377]], "angular_speed": [[-0.6336502492644613], [4.82578480077359]]}