{"trajectories": [[0.284087930641822, 0.3654166806418219], [5.292528052876395, 1.816730150878001]], "displacements": [[-0.004535136210090444, 0.004357685518143185], [0.3744534293493563, 0.16364807015075594]], "speeds": [[-0.01133784052522515, 0.010894213795358109], [0.9361335733733902, 0.40912017537688966]], "polars": [[0.36129883700719173, -0.19362004522175], [0.19104650972035558, 1.9567626975585775]], "angular_speed": [[-0.48405011305437295], [4.8919067438964365]]}