{"trajectories": [[0.5232383348861284, 0.43720006211180124], [5.337985123250927, 1.8069892952112387]], "displacements": [[-0.002571079873597039, 0.003156235697940504], [0.372821481078123, 0.16167863465711507]], "speeds": [[-0.0064276996839921835, 0.0078905892448514], [0.9320537026953077, 0.40419658664278796]], "polars": [[0.3585633140012236, -0.18273604609349461], [0.19127142961203422, 1.9601956809271026]], "angular_speed": [[-0.4568401152337334], [4.900489202317756]]}