{"trajectories": [[0.1922379974120083, 0.46807525051759835], [5.358187874517971, 1.822820411833285]], "displacements": [[-0.004835572082379865, 0.0004409093385638004], [0.3713376538880443, 0.16357898820409186]], "speeds": [[-0.012088930205949002, 0.0011022733464100193], [0.9283441347201097, 0.4089474705102295]], "polars": [[0.35764214972378267, -0.2052720028331699], [0.1917430793439794, 1.9600226065498632]], "angular_speed": [[-0.5131800070829197], [4.900056516374653]]}